influencer_id,influencer_name,influencer_created_at,influencer_registration_type,influencer_platform,influencer_category,influencer_followers_count,influencer_posts,influencer_avg_likes,influencer_avg_comments,influencer_engagement_rate,influencer_recent_post_at
Inf-0001,zrathbourne0,2025-12-02 09:57:47,스포츠크루 및 커뮤니티,Instagram,바레,65010,71,302.49,241.75,0.84,2026-02-17 11:09:28
Inf-0002,kalred1,2025-10-04 15:03:03,개인 인플루언서,Instagram,크로스핏,90294,159,805.09,331.81,1.26,2026-04-12 02:27:17
Inf-0003,lelgey2,2025-07-03 21:59:09,웰니스 피트니스 센터,YouTube,요가,75232,250,239.19,228.8,0.62,2026-02-17 09:38:13
Inf-0004,hcasson3,2025-10-25 05:41:08,웰니스 피트니스 센터,YouTube,요가,53117,270,405.2,178.78,1.1,2026-02-26 01:28:20
Inf-0005,lmangam4,2025-11-11 03:06:02,스포츠크루 및 커뮤니티,YouTube,러닝,55393,221,619.5,528.73,2.07,2026-04-10 05:26:51
Inf-0006,ofritche5,2026-01-07 14:57:25,대회 및 이벤트,Naver,하이룩스,67874,188,652.79,118.92,1.14,2026-02-23 04:17:23
Inf-0007,fskace6,2025-12-16 20:04:41,스포츠크루 및 커뮤니티,Instagram,크로스핏,95678,330,243.26,77.63,0.34,2026-04-11 22:06:18
Inf-0008,tportch7,2025-12-12 10:33:22,개인 인플루언서,Instagram,크로스핏,34680,64,165.25,155.17,0.92,2026-04-09 18:02:23
Inf-0009,mmedlicott8,2025-11-14 09:43:11,웰니스 피트니스 센터,Instagram,하이룩스,76974,163,836.49,183.23,1.32,2026-03-07 22:30:11
Inf-0010,kmulbry9,2025-12-26 05:01:15,개인 인플루언서,YouTube,하이룩스,1805,184,85.84,8.05,5.2,2026-03-26 21:27:30
Inf-0011,jorneblowa,2025-08-06 10:04:20,스포츠크루 및 커뮤니티,Instagram,러닝,78307,450,338.78,192.77,0.68,2026-04-13 05:28:57
Inf-0012,jtornsb,2025-07-31 16:14:29,웰니스 피트니스 센터,YouTube,헬스 및 웨이트,19749,220,637.5,529.34,5.91,2026-03-19 20:05:33
Inf-0013,sveitchc,2025-06-19 11:53:25,개인 인플루언서,Naver,필라테스,64795,443,50.11,5.01,0.09,2026-03-31 17:09:38
Inf-0014,hjedrysd,2025-06-27 07:16:04,개인 인플루언서,Instagram,러닝,50050,55,71.85,6.89,0.16,2026-03-05 06:30:49
Inf-0015,qbreagane,2025-09-17 07:35:09,개인 인플루언서,YouTube,크로스핏,57476,92,37.95,35.32,0.13,2026-04-05 06:07:28
Inf-0016,jmcgauhyf,2025-10-15 10:11:26,스포츠크루 및 커뮤니티,Instagram,헬스 및 웨이트,40808,259,141.16,98.82,0.59,2026-03-10 06:48:08
Inf-0017,tmanjing,2025-09-30 09:45:26,스포츠크루 및 커뮤니티,Naver,필라테스,37508,192,356.35,310.04,1.78,2026-03-31 22:11:54
Inf-0018,mhowlingsh,2025-11-26 22:59:22,개인 인플루언서,Instagram,필라테스,95064,288,412.79,0.77,0.44,2026-02-20 13:49:00
Inf-0019,schomiczi,2025-09-28 21:20:42,개인 인플루언서,Instagram,요가,44152,470,288.96,96.06,0.87,2026-02-27 07:31:10
Inf-0020,awillmontj,2025-08-16 20:26:46,웰니스 피트니스 센터,Naver,F45,78763,202,691.8,463,1.47,2026-03-29 01:54:23
Inf-0021,qcollenk,2025-07-11 17:42:42,웰니스 피트니스 센터,YouTube,헬스 및 웨이트,98841,50,960,41.37,1.01,2026-04-11 07:53:31
Inf-0022,ryoselevitchl,2025-11-15 14:00:31,개인 인플루언서,YouTube,수영,83747,459,749.06,259.11,1.2,2026-03-25 04:22:44
Inf-0023,ttilliardsm,2025-10-19 08:06:48,스포츠크루 및 커뮤니티,Instagram,기타,58744,448,665.26,285.79,1.62,2026-03-23 11:13:50
Inf-0024,cfeaseyn,2025-07-27 09:53:46,개인 인플루언서,Instagram,F45,87655,493,969.77,952.81,2.19,2026-03-09 03:18:40
Inf-0025,rfedoronkoo,2025-07-22 17:54:15,웰니스 피트니스 센터,Instagram,하이룩스,16024,426,548.12,3.58,3.44,2026-03-06 22:00:04
Inf-0026,glarkkemp,2025-06-18 09:12:05,스포츠크루 및 커뮤니티,Instagram,F45,38996,240,628.46,106.29,1.88,2026-03-29 03:10:05
Inf-0027,dshewringq,2025-09-27 07:08:13,스포츠크루 및 커뮤니티,Instagram,기타,98951,349,262.55,217.68,0.49,2026-02-21 19:57:30
Inf-0028,nkingslyr,2025-06-20 06:20:56,웰니스 피트니스 센터,Naver,러닝,18190,73,761.65,59.91,4.52,2026-04-12 15:58:42
Inf-0029,tlokers,2025-08-13 10:57:04,대회 및 이벤트,Naver,필라테스,96433,146,51.04,14.4,0.07,2026-03-28 18:16:33
Inf-0030,galent,2025-12-16 14:59:07,웰니스 피트니스 센터,Naver,파워리프팅,66421,63,879.34,570.78,2.18,2026-03-27 05:05:23
Inf-0031,nitzakovitzu,2025-08-28 05:29:49,웰니스 피트니스 센터,Naver,필라테스,71445,71,932.15,703.76,2.29,2026-04-16 12:49:41
Inf-0032,acharletv,2025-10-19 04:34:09,개인 인플루언서,Naver,크로스핏,39575,404,253.97,47.21,0.76,2026-03-08 12:14:51
Inf-0033,vhierrow,2025-12-22 05:08:08,스포츠크루 및 커뮤니티,Instagram,수영,32719,14,153.59,127.26,0.86,2026-03-02 13:18:43
Inf-0034,rtreblex,2025-07-18 21:06:05,대회 및 이벤트,Instagram,크로스핏,84199,105,886.33,564.1,1.72,2026-03-11 09:36:47
Inf-0035,jdonney,2025-10-24 03:40:02,웰니스 피트니스 센터,YouTube,수영,25993,406,962.93,584.36,5.95,2026-03-15 09:23:24
Inf-0036,jmabbettz,2026-01-06 09:13:41,웰니스 피트니스 센터,Naver,러닝,15248,465,873.23,399.91,8.35,2026-04-07 08:44:21
Inf-0037,schampain10,2025-09-08 22:01:32,웰니스 피트니스 센터,YouTube,기타,89436,276,379.2,138.21,0.58,2026-03-19 09:28:25
Inf-0038,binsley11,2025-12-14 06:41:42,대회 및 이벤트,Instagram,요가,41521,56,669.38,633.59,3.14,2026-03-03 02:09:31
Inf-0039,bkenvin12,2025-09-04 22:30:29,웰니스 피트니스 센터,YouTube,필라테스,65008,7,193.77,70.01,0.41,2026-03-13 15:13:47
Inf-0040,sgiral13,2025-10-01 23:57:00,개인 인플루언서,Naver,요가,94107,440,635.54,473.71,1.18,2026-02-22 19:16:15
Inf-0041,lsobczak14,2025-10-02 16:41:56,웰니스 피트니스 센터,Naver,기타,54957,116,714.85,20.69,1.34,2026-03-19 02:35:47
Inf-0042,gstoven15,2025-06-20 12:50:45,스포츠크루 및 커뮤니티,Instagram,바레,10941,232,713.14,703.52,12.95,2026-04-14 07:57:36
Inf-0043,hcoveny16,2025-09-09 14:02:53,대회 및 이벤트,Instagram,요가,47752,68,831.52,817.63,3.45,2026-04-12 06:55:53
Inf-0044,ggodfree17,2025-10-21 00:16:47,웰니스 피트니스 센터,Instagram,필라테스,36484,48,184.59,50.91,0.65,2026-03-28 02:04:28
Inf-0045,gdeneve18,2025-12-25 23:12:06,스포츠크루 및 커뮤니티,YouTube,기타,77694,480,974.54,913.42,2.43,2026-03-30 11:52:18
Inf-0046,cbozier19,2025-09-03 00:31:03,스포츠크루 및 커뮤니티,Instagram,하이룩스,89015,383,268.85,161.42,0.48,2026-03-02 02:42:36
Inf-0047,fcalven1a,2025-10-07 23:26:07,개인 인플루언서,Instagram,F45,86569,483,672.34,474.04,1.32,2026-03-22 02:53:25
Inf-0048,lmorville1b,2025-10-24 20:45:26,스포츠크루 및 커뮤니티,YouTube,러닝,70168,152,33.56,29.75,0.09,2026-04-12 00:25:40
Inf-0049,cbotfield1c,2025-09-07 09:00:55,대회 및 이벤트,Instagram,파워리프팅,68010,358,153.27,48.45,0.3,2026-02-24 18:37:07
Inf-0050,mranns1d,2025-09-18 14:55:50,개인 인플루언서,Instagram,크로스핏,87105,121,830.56,650.56,1.7,2026-04-07 01:36:57
Inf-0051,pferriday1e,2025-10-26 18:05:38,대회 및 이벤트,YouTube,F45,3746,51,887.13,383.5,33.92,2026-03-13 21:13:18
Inf-0052,rberthomier1f,2025-10-22 08:52:10,스포츠크루 및 커뮤니티,YouTube,바레,76671,244,88.9,8.98,0.13,2026-02-23 01:34:55
Inf-0053,ihuckabe1g,2025-06-24 20:30:26,대회 및 이벤트,Naver,필라테스,47115,494,299.37,180.48,1.02,2026-04-05 02:15:32
Inf-0054,vtolmie1h,2026-01-03 06:00:23,웰니스 피트니스 센터,Instagram,수영,80561,84,784.59,684.7,1.82,2026-04-15 15:36:10
Inf-0055,dbouda1i,2025-08-14 02:57:21,대회 및 이벤트,Naver,헬스 및 웨이트,54027,493,971.19,39.83,1.87,2026-03-11 21:50:58
Inf-0056,freding1j,2025-08-07 22:26:56,개인 인플루언서,YouTube,러닝,83382,5,744.31,347.03,1.31,2026-03-12 05:08:57
Inf-0057,hlobell1k,2025-11-03 23:32:28,웰니스 피트니스 센터,Naver,러닝,61288,48,483.8,139.76,1.02,2026-03-06 06:11:05
Inf-0058,deddy1l,2025-11-28 12:55:14,대회 및 이벤트,Naver,크로스핏,55516,444,821.96,490.42,2.36,2026-02-23 07:03:37
Inf-0059,amurrhardt1m,2025-07-12 22:10:27,대회 및 이벤트,Naver,F45,81907,469,954.84,107.45,1.3,2026-04-15 22:34:44
Inf-0060,hgemlett1n,2025-11-29 10:49:07,웰니스 피트니스 센터,YouTube,기타,90550,4,744.58,706.47,1.6,2026-02-24 15:46:58
Inf-0061,aroscam1o,2025-06-27 08:44:00,대회 및 이벤트,Naver,하이룩스,44183,171,825.06,439.84,2.86,2026-03-14 21:36:26
Inf-0062,afaherty1p,2026-01-08 11:07:32,스포츠크루 및 커뮤니티,YouTube,바레,23445,485,152.95,78.14,0.99,2026-03-28 20:49:19
Inf-0063,jfrigout1q,2025-06-24 04:26:08,대회 및 이벤트,YouTube,러닝,94337,326,404.37,102.06,0.54,2026-03-04 03:27:27
Inf-0064,egeratasch1r,2025-12-31 22:50:38,웰니스 피트니스 센터,Instagram,기타,40324,247,490.68,241.4,1.82,2026-04-04 14:35:32
Inf-0065,ccancutt1s,2025-09-15 01:47:30,웰니스 피트니스 센터,Naver,요가,61130,253,945.91,811.7,2.88,2026-02-27 13:00:21
Inf-0066,mkayser1t,2025-12-16 05:25:01,대회 및 이벤트,Naver,크로스핏,87571,9,25.33,14.53,0.05,2026-03-08 11:57:32
Inf-0067,iattride1u,2025-08-18 00:01:23,스포츠크루 및 커뮤니티,Instagram,바레,46427,159,31.55,23.44,0.12,2026-03-25 02:39:44
Inf-0068,gkernley1v,2025-06-30 07:01:26,스포츠크루 및 커뮤니티,Instagram,파워리프팅,47163,166,29.54,20.28,0.11,2026-04-11 04:17:43
Inf-0069,mcoulbeck1w,2025-10-27 15:43:24,스포츠크루 및 커뮤니티,Naver,하이룩스,67849,254,895.03,473.17,2.02,2026-04-03 16:19:44
Inf-0070,sseys1x,2025-10-14 17:07:09,스포츠크루 및 커뮤니티,YouTube,F45,61327,388,64.79,13.92,0.13,2026-03-12 07:10:24
Inf-0071,dkubatsch1y,2025-09-01 22:09:27,개인 인플루언서,Instagram,헬스 및 웨이트,8594,88,239.71,7.99,2.88,2026-03-03 07:15:40
Inf-0072,msetter1z,2025-08-01 07:30:34,개인 인플루언서,Instagram,기타,98375,231,892.05,551.35,1.47,2026-03-24 17:08:00
Inf-0073,hspargo20,2025-11-02 02:39:54,대회 및 이벤트,YouTube,러닝,94438,246,90.78,81.73,0.18,2026-02-23 10:44:15
Inf-0074,kmcgannon21,2025-11-19 18:45:14,대회 및 이벤트,Naver,파워리프팅,22302,120,766.07,677.06,6.47,2026-03-28 09:46:29
Inf-0075,sshovelbottom22,2025-06-26 19:16:24,스포츠크루 및 커뮤니티,Instagram,크로스핏,62372,394,438.93,306.54,1.2,2026-03-15 04:46:13
Inf-0076,msouthgate23,2025-08-21 02:51:41,스포츠크루 및 커뮤니티,YouTube,기타,43144,321,468.07,287.99,1.75,2026-03-15 17:33:27
Inf-0077,bbenge24,2025-10-08 19:21:45,웰니스 피트니스 센터,Naver,수영,81687,300,99.04,16.26,0.14,2026-03-04 10:08:10
Inf-0078,dmersh25,2025-07-16 12:30:47,스포츠크루 및 커뮤니티,YouTube,기타,12749,65,753.72,90.5,6.62,2026-03-12 19:47:44
Inf-0079,pnaisey26,2025-08-30 05:49:22,대회 및 이벤트,Instagram,하이룩스,44011,428,40.4,7.93,0.11,2026-03-14 18:55:04
Inf-0080,twoolaston27,2025-08-19 06:09:53,개인 인플루언서,Naver,하이룩스,72203,186,532.74,107.98,0.89,2026-03-02 07:52:29
Inf-0081,agerger28,2026-01-14 09:08:10,개인 인플루언서,YouTube,크로스핏,82172,395,405.04,249.57,0.8,2026-03-12 04:12:56
Inf-0082,hkember29,2025-10-22 21:52:21,웰니스 피트니스 센터,Instagram,수영,79952,47,56.18,44.1,0.13,2026-02-28 21:42:44
Inf-0083,cpayn2a,2025-11-09 17:36:15,스포츠크루 및 커뮤니티,YouTube,헬스 및 웨이트,68930,404,23.44,23.39,0.07,2026-04-04 20:11:27
Inf-0084,oheake2b,2025-12-16 08:02:41,개인 인플루언서,Instagram,요가,38186,430,476.37,221.04,1.83,2026-02-21 04:03:31
Inf-0085,ctwidale2c,2025-11-13 02:46:06,개인 인플루언서,YouTube,F45,17987,112,126.01,99.92,1.26,2026-03-07 09:29:54
Inf-0086,gaaronson2d,2025-12-30 11:52:35,대회 및 이벤트,Instagram,필라테스,1723,341,671.14,556.33,71.24,2026-03-28 22:34:48
Inf-0087,tredsell2e,2025-07-02 03:12:09,스포츠크루 및 커뮤니티,Naver,파워리프팅,53780,197,402.05,319.91,1.34,2026-03-27 10:45:00
Inf-0088,bmoreman2f,2025-10-23 15:55:30,개인 인플루언서,Naver,F45,71479,60,106.5,21.41,0.18,2026-03-09 00:38:57
Inf-0089,daubray2g,2025-11-13 22:50:20,스포츠크루 및 커뮤니티,YouTube,요가,92964,232,436.71,82.67,0.56,2026-03-31 21:59:44
Inf-0090,bshort2h,2025-07-10 12:49:30,웰니스 피트니스 센터,YouTube,요가,92844,283,63.1,15.6,0.08,2026-03-19 08:30:31
Inf-0091,manchor2i,2025-11-12 04:30:59,개인 인플루언서,Naver,헬스 및 웨이트,67154,474,506.41,305.93,1.21,2026-04-03 23:55:45
Inf-0092,eayllett2j,2026-01-14 21:20:31,개인 인플루언서,Instagram,러닝,6713,417,291.93,150.42,6.59,2026-03-23 16:38:40
Inf-0093,lduggary2k,2025-10-13 21:57:41,스포츠크루 및 커뮤니티,Naver,파워리프팅,63534,344,640.17,241.34,1.39,2026-02-27 23:07:47
Inf-0094,dmacinnes2l,2025-08-05 06:04:02,웰니스 피트니스 센터,YouTube,필라테스,89875,151,449.43,214.52,0.74,2026-03-17 05:41:21
Inf-0095,sturban2m,2025-10-03 13:54:11,개인 인플루언서,YouTube,파워리프팅,98015,342,581.39,310.47,0.91,2026-03-31 02:57:33
Inf-0096,uleblanc2n,2025-12-11 01:52:05,스포츠크루 및 커뮤니티,YouTube,필라테스,90653,467,346.11,38.16,0.42,2026-04-15 19:14:54
Inf-0097,ethorald2o,2026-01-11 22:18:50,웰니스 피트니스 센터,Naver,필라테스,1133,132,382.94,87.01,41.48,2026-04-13 22:01:28
Inf-0098,gtrasler2p,2025-09-15 11:16:25,대회 및 이벤트,Instagram,기타,48182,44,784.56,370.7,2.4,2026-03-03 00:55:48
Inf-0099,sfido2q,2025-11-25 00:18:10,개인 인플루언서,Naver,기타,62314,252,261.43,176.78,0.7,2026-04-06 14:50:08
Inf-0100,gmccathie2r,2025-12-10 20:25:47,개인 인플루언서,Naver,하이룩스,1506,111,421.21,214.82,42.23,2026-02-28 08:52:33
Inf-0101,jpreuvost2s,2025-08-13 07:54:16,웰니스 피트니스 센터,Instagram,F45,66368,380,139.95,86.8,0.34,2026-04-11 03:59:18
Inf-0102,mlangforth2t,2025-12-17 23:53:13,개인 인플루언서,YouTube,러닝,42151,338,192.92,59.97,0.6,2026-03-14 06:20:27
Inf-0103,apavlitschek2u,2025-12-24 06:48:08,웰니스 피트니스 센터,YouTube,요가,49173,425,954.51,897.11,3.77,2026-03-21 00:37:31
Inf-0104,remerton2v,2025-06-20 01:16:39,대회 및 이벤트,Instagram,러닝,87000,108,827.32,562.34,1.6,2026-04-05 02:47:50
Inf-0105,rkinmond2w,2025-06-18 22:20:41,웰니스 피트니스 센터,YouTube,수영,67387,223,749.57,509.64,1.87,2026-02-22 15:09:32
Inf-0106,pjendas2x,2025-10-03 03:24:50,대회 및 이벤트,Naver,요가,17485,149,553.75,319.99,5,2026-02-26 14:22:39
Inf-0107,csandys2y,2025-10-12 21:05:45,개인 인플루언서,Instagram,크로스핏,24228,339,724.51,54.79,3.22,2026-03-07 05:18:34
Inf-0108,rcomoletti2z,2025-09-20 11:56:54,개인 인플루언서,Instagram,파워리프팅,89687,494,452.7,319.99,0.86,2026-04-02 15:14:55
Inf-0109,ksone30,2025-11-14 00:27:10,웰니스 피트니스 센터,Naver,하이룩스,99077,467,576.34,261.45,0.85,2026-03-01 14:35:21
Inf-0110,mdennis31,2025-11-22 22:43:52,웰니스 피트니스 센터,Instagram,필라테스,54910,409,173.28,157.47,0.6,2026-02-25 05:00:31
Inf-0111,mfollen32,2025-07-11 22:05:43,웰니스 피트니스 센터,Naver,F45,88633,246,284.04,83.24,0.41,2026-04-01 15:07:14
Inf-0112,mwoodruffe33,2025-09-01 04:10:02,대회 및 이벤트,Naver,하이룩스,90043,492,840.58,337.06,1.31,2026-02-23 06:22:02
Inf-0113,emergue34,2025-10-03 04:25:37,개인 인플루언서,YouTube,기타,17999,334,472.98,329.25,4.46,2026-03-11 08:46:03
Inf-0114,pbakeup35,2025-07-20 16:00:45,개인 인플루언서,Naver,F45,69472,417,666.88,497.19,1.68,2026-03-08 07:11:00
Inf-0115,mbruhnicke36,2025-07-17 21:01:06,대회 및 이벤트,YouTube,바레,14138,339,370.33,355.25,5.13,2026-03-05 21:30:01
Inf-0116,ahousley37,2025-11-04 18:36:49,웰니스 피트니스 센터,Naver,크로스핏,73571,168,769.01,103.44,1.19,2026-04-01 04:19:43
Inf-0117,lbickle38,2025-06-25 17:37:33,대회 및 이벤트,Instagram,바레,66372,381,996.48,666.35,2.51,2026-04-13 10:32:29
Inf-0118,rgreatbanks39,2025-07-08 05:14:58,대회 및 이벤트,YouTube,수영,11962,121,157.05,155.82,2.62,2026-04-01 20:11:01
Inf-0119,jphaup3a,2025-10-14 19:45:33,웰니스 피트니스 센터,YouTube,기타,90595,120,874.6,612.67,1.64,2026-04-03 10:26:44
Inf-0120,tgodrich3b,2025-09-19 22:52:23,개인 인플루언서,Instagram,기타,70425,76,842.18,160.96,1.42,2026-03-30 16:54:33
Inf-0121,jbreche3c,2026-01-14 12:17:57,스포츠크루 및 커뮤니티,Naver,하이룩스,12777,408,462.31,302.13,5.98,2026-02-22 06:14:58
Inf-0122,ahincks3d,2025-09-13 08:22:07,대회 및 이벤트,Naver,F45,28325,178,913.36,650.83,5.52,2026-03-22 01:40:01
Inf-0123,ddelafield3e,2025-07-05 09:38:48,스포츠크루 및 커뮤니티,Naver,F45,64597,421,440.66,87.13,0.82,2026-02-20 09:37:56
Inf-0124,bforsdyke3f,2026-01-09 17:38:39,대회 및 이벤트,YouTube,기타,65191,92,185.57,178.72,0.56,2026-03-29 21:32:50
Inf-0125,hmasden3g,2025-07-08 18:58:32,스포츠크루 및 커뮤니티,YouTube,요가,16702,121,402.36,200.23,3.61,2026-04-09 22:52:05
Inf-0126,ocanfer3h,2025-06-29 11:54:32,개인 인플루언서,YouTube,필라테스,19394,307,360.93,88.71,2.32,2026-02-19 08:21:40
Inf-0127,fkupec3i,2025-06-21 12:28:32,개인 인플루언서,YouTube,필라테스,52775,91,423.59,154.87,1.1,2026-04-16 21:18:43
Inf-0128,mtrattles3j,2025-07-24 19:38:37,스포츠크루 및 커뮤니티,Naver,크로스핏,75735,389,56.43,40,0.13,2026-02-27 20:43:53
Inf-0129,gcrosfeld3k,2025-08-22 16:25:55,스포츠크루 및 커뮤니티,Naver,필라테스,65933,320,749.26,492.42,1.88,2026-02-24 10:13:31
Inf-0130,cgianulli3l,2025-12-16 10:09:17,웰니스 피트니스 센터,Instagram,하이룩스,20399,333,780.39,105.08,4.34,2026-03-19 11:29:34
Inf-0131,kreaney3m,2025-07-07 15:36:31,개인 인플루언서,Instagram,바레,94942,39,316.09,140.01,0.48,2026-03-08 17:09:04
Inf-0132,ftoovey3n,2025-08-15 15:50:11,웰니스 피트니스 센터,Naver,수영,62906,300,97.45,30.37,0.2,2026-02-18 07:04:27
Inf-0133,klongthorne3o,2025-11-24 21:25:52,스포츠크루 및 커뮤니티,Instagram,필라테스,93353,283,157.21,102.19,0.28,2026-03-02 10:40:39
Inf-0134,fzouch3p,2025-11-26 15:00:15,대회 및 이벤트,Naver,파워리프팅,15226,94,577.35,182,4.99,2026-02-27 22:28:23
Inf-0135,kakitt3q,2025-10-10 21:17:52,스포츠크루 및 커뮤니티,Instagram,헬스 및 웨이트,60724,79,588.61,335.08,1.52,2026-04-14 11:09:39
Inf-0136,gbarkes3r,2025-09-01 00:20:38,웰니스 피트니스 센터,Naver,러닝,56034,440,89.24,52.1,0.25,2026-03-10 07:55:16
Inf-0137,dperryman3s,2026-01-07 21:29:33,스포츠크루 및 커뮤니티,Naver,크로스핏,61459,305,579.5,565.65,1.86,2026-03-14 21:38:38
Inf-0138,kbowmaker3t,2025-10-25 15:35:45,웰니스 피트니스 센터,Instagram,F45,99337,163,862.88,417.67,1.29,2026-04-16 20:07:56
Inf-0139,hansty3u,2025-07-01 05:16:50,스포츠크루 및 커뮤니티,Instagram,F45,27819,451,970.72,372.81,4.83,2026-04-09 07:13:33
Inf-0140,mbrownrigg3v,2025-09-21 14:18:19,대회 및 이벤트,Naver,요가,38687,75,692.24,51.32,1.92,2026-03-28 01:42:43
Inf-0141,gdudny3w,2025-09-23 03:30:44,대회 및 이벤트,Naver,F45,99627,158,543.44,136.27,0.68,2026-02-27 15:53:54
Inf-0142,hcadigan3x,2025-07-24 20:36:53,스포츠크루 및 커뮤니티,Instagram,헬스 및 웨이트,65455,446,790.31,684.71,2.25,2026-03-02 14:19:19
Inf-0143,nattoe3y,2025-11-24 04:28:19,웰니스 피트니스 센터,Naver,하이룩스,53923,473,277.34,122.77,0.74,2026-02-19 08:29:15
Inf-0144,pkynston3z,2025-08-26 17:27:53,대회 및 이벤트,Instagram,F45,22396,240,326.37,257.84,2.61,2026-04-15 19:43:32
Inf-0145,ewagstaff40,2025-08-23 04:58:48,웰니스 피트니스 센터,Naver,수영,58905,353,627.56,76.53,1.2,2026-03-30 16:23:44
Inf-0146,drohloff41,2025-09-12 08:52:11,대회 및 이벤트,Naver,수영,51671,378,11.59,4.18,0.03,2026-04-02 00:38:54
Inf-0147,psmolan42,2025-11-04 02:40:53,대회 및 이벤트,Instagram,헬스 및 웨이트,85793,358,164.63,105.82,0.32,2026-04-08 14:15:48
Inf-0148,dforte43,2025-06-26 06:38:31,개인 인플루언서,YouTube,기타,6822,236,205.49,199.1,5.93,2026-03-05 22:08:18
Inf-0149,dlongega44,2025-12-07 02:07:39,웰니스 피트니스 센터,Naver,F45,35036,153,19.62,18.42,0.11,2026-02-20 03:51:02
Inf-0150,bpilley45,2025-10-11 22:03:08,스포츠크루 및 커뮤니티,Instagram,필라테스,84106,147,66.45,20.5,0.1,2026-03-28 18:13:12
Inf-0151,dmoncur46,2025-09-10 01:42:59,개인 인플루언서,YouTube,헬스 및 웨이트,5670,60,417.3,326.42,13.12,2026-03-18 22:22:25
Inf-0152,ohanbidge47,2025-11-27 05:42:35,웰니스 피트니스 센터,Instagram,헬스 및 웨이트,31681,495,67.8,7.66,0.24,2026-03-25 17:10:28
Inf-0153,tgrayshan48,2025-09-30 08:47:01,개인 인플루언서,Naver,F45,86463,421,737,692.77,1.65,2026-02-23 02:31:34
Inf-0154,anowland49,2025-08-03 02:10:19,개인 인플루언서,Naver,헬스 및 웨이트,85053,155,883.72,318.04,1.41,2026-02-25 10:19:36
Inf-0155,cwhite4a,2025-10-31 06:05:59,웰니스 피트니스 센터,Instagram,필라테스,34799,478,807.2,223.35,2.96,2026-03-15 03:18:08
Inf-0156,mfinn4b,2025-07-11 04:40:03,스포츠크루 및 커뮤니티,Naver,수영,27787,352,736.31,677.73,5.09,2026-02-26 07:26:33
Inf-0157,gbodill4c,2025-12-11 13:15:23,대회 및 이벤트,YouTube,하이룩스,28488,64,76.68,14.51,0.32,2026-03-17 13:38:13
Inf-0158,tesome4d,2025-09-10 12:28:33,웰니스 피트니스 센터,Instagram,러닝,12465,498,30.15,17.67,0.38,2026-02-22 22:21:35
Inf-0159,dsandsallan4e,2025-12-04 22:04:21,개인 인플루언서,Instagram,F45,12575,315,517.03,432.6,7.55,2026-02-23 02:52:22
Inf-0160,sdemange4f,2025-07-19 02:22:24,스포츠크루 및 커뮤니티,Instagram,필라테스,61993,59,437.46,111.77,0.89,2026-02-27 02:30:39
Inf-0161,mlazenby4g,2025-07-26 18:33:07,웰니스 피트니스 센터,Naver,파워리프팅,41743,233,106.94,59.58,0.4,2026-04-14 01:28:27
Inf-0162,tnurcombe4h,2025-11-19 19:13:53,대회 및 이벤트,YouTube,바레,61050,351,130.03,123.54,0.42,2026-02-28 04:33:07
Inf-0163,eeric4i,2025-09-16 16:14:35,개인 인플루언서,YouTube,헬스 및 웨이트,56230,3,300.22,248.57,0.98,2026-04-05 14:34:53
Inf-0164,cpingstone4j,2025-08-28 13:04:24,대회 및 이벤트,Instagram,바레,33064,256,237.77,93.85,1,2026-04-04 23:59:59
Inf-0165,rmeins4k,2025-08-23 12:34:40,웰니스 피트니스 센터,YouTube,러닝,54844,350,810.92,447.24,2.29,2026-03-21 09:27:21
Inf-0166,lshuttell4l,2025-06-23 10:52:12,웰니스 피트니스 센터,Instagram,하이룩스,34814,308,610.64,249.83,2.47,2026-04-16 02:17:30
Inf-0167,ashirley4m,2025-11-15 10:38:40,스포츠크루 및 커뮤니티,Instagram,러닝,32095,107,4.86,0.27,0.02,2026-03-07 11:07:49
Inf-0168,bfroschauer4n,2025-08-23 18:20:21,개인 인플루언서,Naver,러닝,44893,319,430.8,105.94,1.2,2026-03-01 18:14:26
Inf-0169,ethibodeaux4o,2025-08-05 05:07:09,개인 인플루언서,Instagram,헬스 및 웨이트,96706,66,910.96,796.77,1.77,2026-02-23 09:44:45
Inf-0170,iwalkingshaw4p,2025-07-04 14:51:33,개인 인플루언서,Instagram,바레,51472,260,612.52,180.55,1.54,2026-04-09 11:15:14
Inf-0171,agalletley4q,2025-08-22 13:04:19,대회 및 이벤트,Instagram,러닝,76885,487,666.66,630.93,1.69,2026-03-20 13:50:20
Inf-0172,smuslim4r,2025-10-27 19:07:52,개인 인플루언서,YouTube,바레,53536,225,156.84,148.57,0.57,2026-03-09 22:16:59
Inf-0173,kmcgourty4s,2025-09-02 16:36:20,대회 및 이벤트,YouTube,기타,12125,280,195.73,181.46,3.11,2026-03-21 05:34:29
Inf-0174,ukerin4t,2025-09-01 09:25:45,대회 및 이벤트,YouTube,하이룩스,78623,405,295.69,128.8,0.54,2026-03-18 04:23:35
Inf-0175,timlin4u,2025-07-22 22:34:55,대회 및 이벤트,Instagram,파워리프팅,98153,413,384.31,147.96,0.54,2026-04-12 08:57:56
Inf-0176,chanbridge4v,2025-11-05 00:45:39,대회 및 이벤트,YouTube,하이룩스,68581,184,601.49,432.91,1.51,2026-03-24 14:39:08
Inf-0177,hshalders4w,2025-11-01 21:44:55,스포츠크루 및 커뮤니티,YouTube,파워리프팅,75716,480,766.61,131.93,1.19,2026-03-01 09:52:08
Inf-0178,wvergo4x,2025-10-29 06:19:13,대회 및 이벤트,Naver,수영,7573,128,32.32,31.07,0.84,2026-03-20 02:56:36
Inf-0179,tsarsfield4y,2025-10-01 10:11:45,개인 인플루언서,YouTube,바레,42809,284,16.57,10.87,0.06,2026-03-05 09:05:07
Inf-0180,tarnason4z,2025-09-14 19:02:38,웰니스 피트니스 센터,YouTube,기타,58084,135,950.67,127.22,1.86,2026-04-01 12:25:30
Inf-0181,jbarrow50,2025-08-01 02:45:15,웰니스 피트니스 센터,YouTube,헬스 및 웨이트,18810,296,352.57,309.89,3.52,2026-04-16 08:44:19
Inf-0182,eholborn51,2025-07-17 11:41:53,개인 인플루언서,Instagram,헬스 및 웨이트,50096,189,55.21,20.2,0.15,2026-04-05 20:45:04
Inf-0183,fschuricht52,2026-01-06 05:06:31,스포츠크루 및 커뮤니티,YouTube,기타,86229,10,408.23,2.52,0.48,2026-04-15 00:10:11
Inf-0184,bcartmer53,2025-07-17 08:07:25,개인 인플루언서,Naver,헬스 및 웨이트,41609,112,236.72,103.79,0.82,2026-04-04 07:03:20
Inf-0185,agiacomasso54,2025-12-19 10:43:29,개인 인플루언서,YouTube,크로스핏,46448,163,661.3,24.12,1.48,2026-03-24 07:31:52
Inf-0186,tenterle55,2025-08-29 12:09:16,대회 및 이벤트,Instagram,헬스 및 웨이트,3091,80,909.41,776.81,54.55,2026-03-17 10:25:40
Inf-0187,krosenstock56,2025-09-19 12:11:29,대회 및 이벤트,YouTube,필라테스,44474,201,785.39,773.54,3.51,2026-03-12 16:15:04
Inf-0188,rcornbill57,2025-11-04 17:06:55,대회 및 이벤트,Instagram,파워리프팅,27722,142,87.01,25.1,0.4,2026-02-26 17:00:18
Inf-0189,mscrivner58,2025-08-28 12:37:47,스포츠크루 및 커뮤니티,Naver,바레,262,451,29.24,21.78,19.47,2026-03-28 19:52:35
Inf-0190,oorcott59,2025-07-04 21:10:21,웰니스 피트니스 센터,YouTube,하이룩스,13277,187,954.65,292.37,9.39,2026-03-02 15:56:19
Inf-0191,shadye5a,2025-12-26 00:52:09,웰니스 피트니스 센터,YouTube,수영,8568,232,952.42,300.46,14.62,2026-03-11 05:54:16
Inf-0192,fmelson5b,2025-12-08 10:10:54,웰니스 피트니스 센터,Instagram,필라테스,16891,135,87.17,69.07,0.92,2026-03-05 22:15:03
Inf-0193,nharsant5c,2025-08-10 20:40:15,대회 및 이벤트,YouTube,바레,87746,126,33.2,7.96,0.05,2026-03-05 14:52:35
Inf-0194,hmaunder5d,2025-10-30 04:02:04,대회 및 이벤트,Naver,F45,52072,124,843.76,544.23,2.67,2026-03-10 06:58:54
Inf-0195,pferenc5e,2026-01-08 22:04:55,개인 인플루언서,Naver,기타,7133,183,942.88,274.07,17.06,2026-02-27 17:04:00
Inf-0196,tbousfield5f,2025-07-28 17:16:28,웰니스 피트니스 센터,Instagram,수영,89983,213,938.78,416.3,1.51,2026-04-04 15:01:43
Inf-0197,khatchell5g,2025-07-23 10:14:47,대회 및 이벤트,Naver,헬스 및 웨이트,75536,407,876.46,147.71,1.36,2026-04-02 08:11:12
Inf-0198,clamminam5h,2025-11-01 04:19:26,개인 인플루언서,Naver,헬스 및 웨이트,91714,166,39.17,5.48,0.05,2026-04-09 03:04:57
Inf-0199,htiuit5i,2025-12-14 17:50:49,대회 및 이벤트,YouTube,수영,90467,364,316.68,227.29,0.6,2026-04-12 08:47:16
Inf-0200,dchildes5j,2025-12-20 21:40:18,스포츠크루 및 커뮤니티,Instagram,수영,4342,4,882.52,268.82,26.52,2026-04-06 22:56:09
