viral_metrics_id,content_id,viral_at,viral_score,viral_grade,viral_performance_score,viral_momentum_score
virmet-0001,con-0001,2026-05-25 09:39:00,29.0,D,29,29
virmet-0002,con-0001,2026-05-26 09:39:00,31.2,D,12,47
virmet-0003,con-0001,2026-05-27 09:39:00,91.9,A,82,100
virmet-0004,con-0001,2026-05-28 09:39:00,62.8,C,82,47
virmet-0005,con-0001,2026-05-29 09:39:00,27.8,D,41,17
virmet-0006,con-0001,2026-05-30 09:39:00,34.0,D,18,47
virmet-0007,con-0001,2026-05-31 09:39:00,66.9,C,41,88
virmet-0008,con-0002,2026-05-25 12:19:00,52.4,C,53,52
virmet-0009,con-0002,2026-05-26 12:19:00,46.4,C,53,41
virmet-0010,con-0002,2026-05-27 12:19:00,90.1,A,100,82
virmet-0011,con-0002,2026-05-28 12:19:00,46.8,C,76,23
virmet-0012,con-0002,2026-05-29 12:19:00,36.5,D,53,23
virmet-0013,con-0002,2026-05-30 12:19:00,69.4,C,76,64
virmet-0014,con-0002,2026-05-31 12:19:00,5.4,D,6,5
virmet-0015,con-0008,2026-05-27 14:48:00,41.0,C,41,41
virmet-0016,con-0008,2026-05-28 14:48:00,23.5,D,24,23
virmet-0017,con-0008,2026-05-29 14:48:00,65.6,C,53,76
virmet-0018,con-0008,2026-05-30 14:48:00,83.5,B,100,70
virmet-0019,con-0008,2026-05-31 14:48:00,32.6,D,59,11
virmet-0020,con-0008,2026-06-01 14:48:00,75.4,B,82,70
virmet-0021,con-0008,2026-06-02 14:48:00,61.6,C,94,35
virmet-0022,con-0009,2026-05-28 01:15:00,23.5,D,24,23
virmet-0023,con-0009,2026-05-29 01:15:00,97.3,A,94,100
virmet-0024,con-0009,2026-05-30 01:15:00,45.8,C,59,35
virmet-0025,con-0009,2026-05-31 01:15:00,21.4,D,12,29
virmet-0026,con-0009,2026-06-01 01:15:00,43.9,C,12,70
virmet-0027,con-0009,2026-06-02 01:15:00,66.2,C,47,82
virmet-0028,con-0009,2026-06-03 01:15:00,59.6,C,47,70
virmet-0029,con-0011,2026-05-28 04:11:00,5.4,D,6,5
virmet-0030,con-0011,2026-05-29 04:11:00,60.8,C,35,82
virmet-0031,con-0011,2026-05-30 04:11:00,28.6,D,6,47
virmet-0032,con-0011,2026-05-31 04:11:00,84.2,B,65,100
virmet-0033,con-0011,2026-06-01 04:11:00,60.6,C,71,52
virmet-0034,con-0011,2026-06-02 04:11:00,54.5,C,71,41
virmet-0035,con-0011,2026-06-03 04:11:00,68.2,C,88,52
virmet-0036,con-0012,2026-05-28 08:16:00,11.5,D,12,11
virmet-0037,con-0012,2026-05-29 08:16:00,88.6,B,82,94
virmet-0038,con-0012,2026-05-30 08:16:00,74.8,B,88,64
virmet-0039,con-0012,2026-05-31 08:16:00,30.5,D,47,17
virmet-0040,con-0012,2026-06-01 08:16:00,25.2,D,6,41
virmet-0041,con-0012,2026-06-02 08:16:00,70.2,B,41,94
virmet-0042,con-0012,2026-06-03 08:16:00,71.1,B,65,76
virmet-0043,con-0013,2026-05-28 15:50:00,35.0,D,35,35
virmet-0044,con-0013,2026-05-29 15:50:00,80.4,B,71,88
virmet-0045,con-0013,2026-05-30 15:50:00,25.7,D,29,23
virmet-0046,con-0013,2026-05-31 15:50:00,60.2,C,41,76
virmet-0047,con-0013,2026-06-01 15:50:00,51.0,C,35,64
virmet-0048,con-0013,2026-06-02 15:50:00,45.0,C,29,58
virmet-0049,con-0013,2026-06-03 15:50:00,48.2,C,29,64
virmet-0050,con-0015,2026-05-29 21:28:00,82.0,B,82,82
virmet-0051,con-0015,2026-05-30 21:28:00,10.8,D,18,5
virmet-0052,con-0015,2026-05-31 21:28:00,34.0,D,12,52
virmet-0053,con-0015,2026-06-01 21:28:00,43.3,C,18,64
virmet-0054,con-0015,2026-06-02 21:28:00,100.0,A,100,100
virmet-0055,con-0015,2026-06-03 21:28:00,8.2,D,12,5
virmet-0056,con-0015,2026-06-04 21:28:00,75.6,B,53,94
virmet-0057,con-0016,2026-05-30 15:46:00,72.7,B,76,70
virmet-0058,con-0016,2026-05-31 15:46:00,78.1,B,88,70
virmet-0059,con-0016,2026-06-01 15:46:00,21.8,D,35,11
virmet-0060,con-0016,2026-06-02 15:46:00,47.7,C,35,58
virmet-0061,con-0016,2026-06-03 15:46:00,88.0,B,88,88
virmet-0062,con-0016,2026-06-04 15:46:00,8.8,D,6,11
virmet-0063,con-0016,2026-06-05 15:46:00,87.0,B,71,100
virmet-0064,con-0017,2026-05-30 23:31:00,64.4,C,65,64
virmet-0065,con-0017,2026-05-31 23:31:00,45.8,C,59,35
virmet-0066,con-0017,2026-06-01 23:31:00,26.8,D,24,29
virmet-0067,con-0017,2026-06-02 23:31:00,75.0,B,59,88
virmet-0068,con-0017,2026-06-03 23:31:00,47.0,C,47,47
virmet-0069,con-0017,2026-06-04 23:31:00,93.4,A,100,88
virmet-0070,con-0017,2026-06-05 23:31:00,35.9,D,59,17
virmet-0071,con-0019,2026-05-31 06:11:00,88.0,B,88,88
virmet-0072,con-0019,2026-06-01 06:11:00,19.1,D,29,11
virmet-0073,con-0019,2026-06-02 06:11:00,80.4,B,71,88
virmet-0074,con-0019,2026-06-03 06:11:00,70.9,B,94,52
virmet-0075,con-0019,2026-06-04 06:11:00,15.8,D,29,5
virmet-0076,con-0019,2026-06-05 06:11:00,39.4,D,24,52
virmet-0077,con-0019,2026-06-06 06:11:00,79.3,B,76,82
virmet-0078,con-0023,2026-06-08 14:02:00,47.0,C,47,47
virmet-0079,con-0023,2026-06-09 14:02:00,63.0,C,47,76
virmet-0080,con-0023,2026-06-10 14:02:00,80.8,B,94,70
virmet-0081,con-0023,2026-06-11 14:02:00,58.8,C,88,35
virmet-0082,con-0023,2026-06-12 14:02:00,74.2,B,94,58
virmet-0083,con-0023,2026-06-13 14:02:00,51.6,C,94,17
virmet-0084,con-0023,2026-06-14 14:02:00,61.0,C,100,29
virmet-0085,con-0026,2026-06-10 22:37:00,94.0,A,94,94
virmet-0086,con-0026,2026-06-11 22:37:00,38.6,D,65,17
virmet-0087,con-0026,2026-06-12 22:37:00,61.2,C,65,58
virmet-0088,con-0026,2026-06-13 22:37:00,8.8,D,6,11
virmet-0089,con-0026,2026-06-14 22:37:00,52.6,C,24,76
virmet-0090,con-0026,2026-06-15 22:37:00,65.6,C,53,76
virmet-0091,con-0026,2026-06-16 22:37:00,36.7,D,24,47
virmet-0092,con-0027,2026-06-10 23:13:00,73.8,B,71,76
virmet-0093,con-0027,2026-06-11 23:13:00,34.4,D,41,29
virmet-0094,con-0027,2026-06-12 23:13:00,17.5,D,18,17
virmet-0095,con-0027,2026-06-13 23:13:00,75.6,B,53,94
virmet-0096,con-0027,2026-06-14 23:13:00,27.4,D,18,35
virmet-0097,con-0027,2026-06-15 23:13:00,84.2,B,65,100
virmet-0098,con-0027,2026-06-16 23:13:00,68.8,C,82,58
virmet-0099,con-0028,2026-06-11 16:52:00,17.5,D,18,17
virmet-0100,con-0028,2026-06-12 16:52:00,34.6,D,6,58
virmet-0101,con-0028,2026-06-13 16:52:00,85.9,B,76,94
virmet-0102,con-0028,2026-06-14 16:52:00,15.8,D,29,5
virmet-0103,con-0028,2026-06-15 16:52:00,79.3,B,76,82
virmet-0104,con-0028,2026-06-16 16:52:00,39.2,D,59,23
virmet-0105,con-0028,2026-06-17 16:52:00,20.8,D,18,23
virmet-0106,con-0029,2026-06-12 02:18:00,100.0,A,100,100
virmet-0107,con-0029,2026-06-13 02:18:00,80.2,B,100,64
virmet-0108,con-0029,2026-06-14 02:18:00,21.2,D,41,5
virmet-0109,con-0029,2026-06-15 02:18:00,77.0,B,71,82
virmet-0110,con-0029,2026-06-16 02:18:00,45.2,C,65,29
virmet-0111,con-0029,2026-06-17 02:18:00,31.7,D,35,29
virmet-0112,con-0029,2026-06-18 02:18:00,28.0,D,12,41
virmet-0113,con-0032,2026-06-13 09:43:00,58.4,C,59,58
virmet-0114,con-0032,2026-06-14 09:43:00,62.8,C,76,52
virmet-0115,con-0032,2026-06-15 09:43:00,43.7,C,47,41
virmet-0116,con-0032,2026-06-16 09:43:00,33.4,D,24,41
virmet-0117,con-0032,2026-06-17 09:43:00,88.6,B,82,94
virmet-0118,con-0032,2026-06-18 09:43:00,58.8,C,88,35
virmet-0119,con-0032,2026-06-19 09:43:00,21.8,D,35,11
