influencer_metric_id,influencer_id,influencer_metric_date,influencer_followers_count,influencer_post_count,influencer_avg_likes,influencer_avg_comments,influencer_engagement_rate
infmet-0001,inf-0001,2025-12-31,52467,51,288.58,123.68,0.79
infmet-0002,inf-0001,2026-01-31,51535,56,319.74,137.03,0.89
infmet-0003,inf-0001,2026-02-28,54661,61,353.77,151.62,0.92
infmet-0004,inf-0001,2026-03-31,59122,63,419.69,179.87,1.01
infmet-0005,inf-0001,2026-04-30,60722,67,423.74,181.6,1.0
infmet-0006,inf-0001,2026-05-31,65010,71,302.49,241.75,0.84
infmet-0007,inf-0002,2025-12-31,70008,125,754.94,235.12,1.41
infmet-0008,inf-0002,2026-01-31,69679,132,868.49,255.11,1.61
infmet-0009,inf-0002,2026-02-28,74639,135,812.63,328.07,1.53
infmet-0010,inf-0002,2026-03-31,81066,141,900.19,290.59,1.47
infmet-0011,inf-0002,2026-04-30,88864,151,905.38,388.02,1.46
infmet-0012,inf-0002,2026-05-31,90294,159,805.09,331.81,1.26
infmet-0013,inf-0003,2025-12-31,56158,220,183.69,78.72,0.47
infmet-0014,inf-0003,2026-01-31,60349,225,214.39,91.88,0.51
infmet-0015,inf-0003,2026-02-28,65068,232,242.59,103.97,0.53
infmet-0016,inf-0003,2026-03-31,65758,236,260.25,111.54,0.57
infmet-0017,inf-0003,2026-04-30,69772,241,299.39,128.31,0.61
infmet-0018,inf-0003,2026-05-31,75232,250,239.19,228.8,0.62
infmet-0019,inf-0004,2025-12-31,41625,254,319.74,117.2,1.05
infmet-0020,inf-0004,2026-01-31,43402,256,352.72,151.17,1.16
infmet-0021,inf-0004,2026-02-28,45223,257,338.19,144.94,1.07
infmet-0022,inf-0004,2026-03-31,47598,261,308.78,132.33,0.93
infmet-0023,inf-0004,2026-04-30,50904,264,308.57,132.24,0.87
infmet-0024,inf-0004,2026-05-31,53117,270,405.2,178.78,1.1
infmet-0025,inf-0005,2025-12-31,51092,196,720.39,308.74,2.01
infmet-0026,inf-0005,2026-01-31,54357,199,739.07,316.75,1.94
infmet-0027,inf-0005,2026-02-28,53363,204,682.35,292.44,1.83
infmet-0028,inf-0005,2026-03-31,51920,208,689.85,295.65,1.9
infmet-0029,inf-0005,2026-04-30,51489,215,655.76,281.04,1.82
infmet-0030,inf-0005,2026-05-31,55393,221,619.5,528.73,2.07
infmet-0031,inf-0006,2025-12-31,52589,170,446.94,94.41,1.03
infmet-0032,inf-0006,2026-01-31,52873,171,474.84,82.37,1.05
infmet-0033,inf-0006,2026-02-28,54375,178,431.64,85.83,0.95
infmet-0034,inf-0006,2026-03-31,57811,181,510.44,98.59,1.05
infmet-0035,inf-0006,2026-04-30,61929,183,584.94,118.07,1.14
infmet-0036,inf-0006,2026-05-31,67874,188,652.79,118.92,1.14
infmet-0037,inf-0007,2025-12-31,92476,305,208.19,82.16,0.31
infmet-0038,inf-0007,2026-01-31,91439,310,241.43,53.48,0.32
infmet-0039,inf-0007,2026-02-28,92617,313,194.53,61.43,0.28
infmet-0040,inf-0007,2026-03-31,95786,322,228.69,72.44,0.31
infmet-0041,inf-0007,2026-04-30,93431,326,204.52,87.65,0.31
infmet-0042,inf-0007,2026-05-31,95678,330,243.26,77.63,0.34
infmet-0043,inf-0008,2025-12-31,30990,56,204.97,87.84,0.94
infmet-0044,inf-0008,2026-01-31,31829,56,185.8,79.63,0.83
infmet-0045,inf-0008,2026-02-28,33029,59,202.76,86.9,0.88
infmet-0046,inf-0008,2026-03-31,33462,62,191.94,82.26,0.82
infmet-0047,inf-0008,2026-04-30,33619,62,202.06,86.6,0.86
infmet-0048,inf-0008,2026-05-31,34680,64,165.25,155.17,0.92
infmet-0049,inf-0009,2025-12-31,61904,152,539.67,140.43,1.1
infmet-0050,inf-0009,2026-01-31,62599,153,462.12,131.73,0.95
infmet-0051,inf-0009,2026-02-28,67299,155,486.96,139.04,0.93
infmet-0052,inf-0009,2026-03-31,72540,157,633.69,140.73,1.07
infmet-0053,inf-0009,2026-04-30,73862,162,740.34,140.85,1.19
infmet-0054,inf-0009,2026-05-31,76974,163,836.49,183.23,1.32
infmet-0055,inf-0010,2025-12-31,1594,151,63.31,5.21,4.3
infmet-0056,inf-0010,2026-01-31,1601,161,55.98,6.22,3.88
infmet-0057,inf-0010,2026-02-28,1708,165,60.82,7.52,4.0
infmet-0058,inf-0010,2026-03-31,1678,169,68.27,6.41,4.45
infmet-0059,inf-0010,2026-04-30,1709,178,64.47,4.66,4.05
infmet-0060,inf-0010,2026-05-31,1805,184,85.84,8.05,5.2
infmet-0061,inf-0011,2025-12-31,73430,418,391.29,167.7,0.76
infmet-0062,inf-0011,2026-01-31,76060,425,360.45,154.48,0.68
infmet-0063,inf-0011,2026-02-28,74983,429,315.23,135.1,0.6
infmet-0064,inf-0011,2026-03-31,79339,438,376.33,161.28,0.68
infmet-0065,inf-0011,2026-04-30,78318,445,360.07,154.32,0.66
infmet-0066,inf-0011,2026-05-31,78307,450,338.78,192.77,0.68
infmet-0067,inf-0012,2025-12-31,19030,195,907.08,388.75,6.81
infmet-0068,inf-0012,2026-01-31,18806,199,887.63,380.41,6.74
infmet-0069,inf-0012,2026-02-28,18501,208,947.83,406.21,7.32
infmet-0070,inf-0012,2026-03-31,19471,212,853.24,365.67,6.26
infmet-0071,inf-0012,2026-04-30,20292,218,784.95,336.41,5.53
infmet-0072,inf-0012,2026-05-31,19749,220,637.5,529.34,5.91
infmet-0073,inf-0013,2025-12-31,54804,410,50.93,6.2,0.1
infmet-0074,inf-0013,2026-01-31,57805,416,53.15,4.66,0.1
infmet-0075,inf-0013,2026-02-28,59271,421,55.03,4.24,0.1
infmet-0076,inf-0013,2026-03-31,60376,427,55.02,7.07,0.1
infmet-0077,inf-0013,2026-04-30,61803,436,57.31,4.49,0.1
infmet-0078,inf-0013,2026-05-31,64795,443,50.11,5.01,0.09
infmet-0079,inf-0014,2025-12-31,54392,24,73.51,5.6,0.15
infmet-0080,inf-0014,2026-01-31,53995,27,72.84,5.79,0.15
infmet-0081,inf-0014,2026-02-28,52764,34,79.13,6.36,0.16
infmet-0082,inf-0014,2026-03-31,51326,42,83.53,8.39,0.18
infmet-0083,inf-0014,2026-04-30,50557,48,71.65,6.49,0.15
infmet-0084,inf-0014,2026-05-31,50050,55,71.85,6.89,0.16
infmet-0085,inf-0015,2025-12-31,52489,75,54.98,23.56,0.15
infmet-0086,inf-0015,2026-01-31,51269,76,58.2,24.94,0.16
infmet-0087,inf-0015,2026-02-28,55286,82,65.45,28.05,0.17
infmet-0088,inf-0015,2026-03-31,54358,87,69.73,29.89,0.18
infmet-0089,inf-0015,2026-04-30,56428,92,64.45,27.62,0.16
infmet-0090,inf-0015,2026-05-31,57476,92,37.95,35.32,0.13
infmet-0091,inf-0016,2025-12-31,38877,227,175.47,75.2,0.64
infmet-0092,inf-0016,2026-01-31,38886,233,164.82,70.64,0.61
infmet-0093,inf-0016,2026-02-28,39827,239,191.54,82.09,0.69
infmet-0094,inf-0016,2026-03-31,41106,245,222.38,95.31,0.77
infmet-0095,inf-0016,2026-04-30,40620,251,218.49,93.64,0.77
infmet-0096,inf-0016,2026-05-31,40808,259,141.16,98.82,0.59
infmet-0097,inf-0017,2025-12-31,31432,172,310.28,132.98,1.41
infmet-0098,inf-0017,2026-01-31,33328,174,372.02,159.44,1.59
infmet-0099,inf-0017,2026-02-28,33205,179,330.33,141.57,1.42
infmet-0100,inf-0017,2026-03-31,35381,181,400.43,171.61,1.62
infmet-0101,inf-0017,2026-04-30,35645,188,439.83,188.5,1.76
infmet-0102,inf-0017,2026-05-31,37508,192,356.35,310.04,1.78
infmet-0103,inf-0018,2025-12-31,85220,258,369.76,3.73,0.44
infmet-0104,inf-0018,2026-01-31,89005,264,397.72,4.02,0.45
infmet-0105,inf-0018,2026-02-28,92872,270,468.69,4.73,0.51
infmet-0106,inf-0018,2026-03-31,92154,277,412.01,4.16,0.45
infmet-0107,inf-0018,2026-04-30,96771,284,382.96,3.87,0.4
infmet-0108,inf-0018,2026-05-31,95064,288,412.79,0.77,0.44
infmet-0109,inf-0019,2025-12-31,36759,456,274.18,82.35,0.97
infmet-0110,inf-0019,2026-01-31,37159,457,256.3,109.84,0.99
infmet-0111,inf-0019,2026-02-28,37804,463,302.41,118.83,1.11
infmet-0112,inf-0019,2026-03-31,37999,465,321.31,137.7,1.21
infmet-0113,inf-0019,2026-04-30,40626,467,393.88,93.83,1.2
infmet-0114,inf-0019,2026-05-31,44152,470,288.96,96.06,0.87
infmet-0115,inf-0020,2025-12-31,70464,193,704.16,301.78,1.43
infmet-0116,inf-0020,2026-01-31,68463,195,643.51,275.79,1.34
infmet-0117,inf-0020,2026-02-28,72515,198,767.16,328.78,1.51
infmet-0118,inf-0020,2026-03-31,75885,199,870.56,373.1,1.64
infmet-0119,inf-0020,2026-04-30,74811,200,757.98,324.85,1.45
infmet-0120,inf-0020,2026-05-31,78763,202,691.8,463.0,1.47
infmet-0121,inf-0021,2025-12-31,85401,38,884.58,45.37,1.09
infmet-0122,inf-0021,2026-01-31,83161,39,752.39,27.15,0.94
infmet-0123,inf-0021,2026-02-28,90364,43,685.33,36.05,0.8
infmet-0124,inf-0021,2026-03-31,88716,44,594.37,18.6,0.69
infmet-0125,inf-0021,2026-04-30,93552,49,634.4,32.53,0.71
infmet-0126,inf-0021,2026-05-31,98841,50,960.0,41.37,1.01
infmet-0127,inf-0022,2025-12-31,70366,447,705.39,287.25,1.41
infmet-0128,inf-0022,2026-01-31,70101,448,620.63,265.98,1.26
infmet-0129,inf-0022,2026-02-28,68364,451,671.72,253.78,1.35
infmet-0130,inf-0022,2026-03-31,73760,455,735.88,170.72,1.23
infmet-0131,inf-0022,2026-04-30,78241,457,649.31,246.22,1.14
infmet-0132,inf-0022,2026-05-31,83747,459,749.06,259.11,1.2
infmet-0133,inf-0023,2025-12-31,52625,432,490.88,210.38,1.33
infmet-0134,inf-0023,2026-01-31,52302,435,553.15,237.06,1.51
infmet-0135,inf-0023,2026-02-28,51357,439,556.67,173.02,1.42
infmet-0136,inf-0023,2026-03-31,50972,442,518.82,222.35,1.45
infmet-0137,inf-0023,2026-04-30,54145,445,598.17,236.33,1.54
infmet-0138,inf-0023,2026-05-31,58744,448,665.26,285.79,1.62
infmet-0139,inf-0024,2025-12-31,86458,459,1138.27,487.83,1.88
infmet-0140,inf-0024,2026-01-31,88674,466,1198.38,513.59,1.93
infmet-0141,inf-0024,2026-02-28,89526,473,1143.48,490.06,1.82
infmet-0142,inf-0024,2026-03-31,90077,479,990.39,424.45,1.57
infmet-0143,inf-0024,2026-04-30,88945,486,954.0,408.86,1.53
infmet-0144,inf-0024,2026-05-31,87655,493,969.77,952.81,2.19
infmet-0145,inf-0025,2025-12-31,13111,406,540.51,5.46,4.16
infmet-0146,inf-0025,2026-01-31,13453,409,555.21,5.61,4.17
infmet-0147,inf-0025,2026-02-28,14010,413,581.72,5.88,4.19
infmet-0148,inf-0025,2026-03-31,15024,418,679.94,6.87,4.57
infmet-0149,inf-0025,2026-04-30,15191,424,649.23,6.56,4.32
infmet-0150,inf-0025,2026-05-31,16024,426,548.12,3.58,3.44
infmet-0151,inf-0026,2025-12-31,35730,217,451.16,104.23,1.55
infmet-0152,inf-0026,2026-01-31,38108,218,507.57,102.7,1.6
infmet-0153,inf-0026,2026-02-28,38520,225,476.4,70.09,1.42
infmet-0154,inf-0026,2026-03-31,38231,232,436.64,83.76,1.36
infmet-0155,inf-0026,2026-04-30,38745,236,502.45,97.48,1.55
infmet-0156,inf-0026,2026-05-31,38996,240,628.46,106.29,1.88
infmet-0157,inf-0027,2025-12-31,94229,323,402.44,172.48,0.61
infmet-0158,inf-0027,2026-01-31,93408,330,356.04,152.59,0.54
infmet-0159,inf-0027,2026-02-28,96982,339,363.93,155.97,0.54
infmet-0160,inf-0027,2026-03-31,96708,342,351.2,150.52,0.52
infmet-0161,inf-0027,2026-04-30,93942,347,298.18,127.79,0.45
infmet-0162,inf-0027,2026-05-31,98951,349,262.55,217.68,0.49
infmet-0163,inf-0028,2025-12-31,17096,64,770.49,55.41,4.83
infmet-0164,inf-0028,2026-01-31,17886,66,835.34,67.39,5.05
infmet-0165,inf-0028,2026-02-28,18489,66,916.22,64.59,5.3
infmet-0166,inf-0028,2026-03-31,18636,67,972.73,93.85,5.72
infmet-0167,inf-0028,2026-04-30,18641,71,858.65,66.78,4.96
infmet-0168,inf-0028,2026-05-31,18190,73,761.65,59.91,4.52
infmet-0169,inf-0029,2025-12-31,70027,130,49.93,9.32,0.08
infmet-0170,inf-0029,2026-01-31,75667,133,54.75,20.92,0.1
infmet-0171,inf-0029,2026-02-28,79172,136,62.29,16.88,0.1
infmet-0172,inf-0029,2026-03-31,86158,138,69.39,16.77,0.1
infmet-0173,inf-0029,2026-04-30,89227,142,68.43,20.79,0.1
infmet-0174,inf-0029,2026-05-31,96433,146,51.04,14.4,0.07
infmet-0175,inf-0030,2025-12-31,51247,48,963.15,412.78,2.68
infmet-0176,inf-0030,2026-01-31,53843,51,1097.55,470.38,2.91
infmet-0177,inf-0030,2026-02-28,59100,55,1337.28,573.12,3.23
infmet-0178,inf-0030,2026-03-31,62196,59,1244.41,533.32,2.86
infmet-0179,inf-0030,2026-04-30,66015,62,1412.91,605.53,3.06
infmet-0180,inf-0030,2026-05-31,66421,63,879.34,570.78,2.18
infmet-0181,inf-0031,2025-12-31,64349,51,985.91,422.53,2.19
infmet-0182,inf-0031,2026-01-31,62761,55,1046.3,448.41,2.38
infmet-0183,inf-0031,2026-02-28,61889,63,903.25,387.11,2.08
infmet-0184,inf-0031,2026-03-31,62820,65,932.09,399.47,2.12
infmet-0185,inf-0031,2026-04-30,67060,70,1085.17,465.07,2.31
infmet-0186,inf-0031,2026-05-31,71445,71,932.15,703.76,2.29
infmet-0187,inf-0032,2025-12-31,28494,376,217.68,37.65,0.9
infmet-0188,inf-0032,2026-01-31,30378,383,186.8,44.95,0.76
infmet-0189,inf-0032,2026-02-28,32884,385,208.41,43.56,0.77
infmet-0190,inf-0032,2026-03-31,35205,390,246.58,37.52,0.81
infmet-0191,inf-0032,2026-04-30,37413,398,210.06,49.25,0.69
infmet-0192,inf-0032,2026-05-31,39575,404,253.97,47.21,0.76
infmet-0193,inf-0033,2025-12-31,27897,0,193.75,83.04,0.99
infmet-0194,inf-0033,2026-01-31,28057,1,224.02,96.01,1.14
infmet-0195,inf-0033,2026-02-28,28663,2,214.88,92.09,1.07
infmet-0196,inf-0033,2026-03-31,30003,5,218.71,93.73,1.04
infmet-0197,inf-0033,2026-04-30,30269,10,196.61,84.26,0.93
infmet-0198,inf-0033,2026-05-31,32719,14,153.59,127.26,0.86
infmet-0199,inf-0034,2025-12-31,83070,74,960.35,411.58,1.65
infmet-0200,inf-0034,2026-01-31,82759,76,1088.56,466.52,1.88
infmet-0201,inf-0034,2026-02-28,80999,83,1145.94,491.12,2.02
infmet-0202,inf-0034,2026-03-31,82416,91,1180.28,505.83,2.05
infmet-0203,inf-0034,2026-04-30,81383,97,1090.15,467.21,1.91
infmet-0204,inf-0034,2026-05-31,84199,105,886.33,564.1,1.72
infmet-0205,inf-0035,2025-12-31,23023,396,1094.99,469.28,6.79
infmet-0206,inf-0035,2026-01-31,23298,399,1087.59,466.11,6.67
infmet-0207,inf-0035,2026-02-28,23330,400,1081.32,463.42,6.62
infmet-0208,inf-0035,2026-03-31,23538,402,1252.87,536.95,7.6
infmet-0209,inf-0035,2026-04-30,24831,405,1390.93,596.11,8.0
infmet-0210,inf-0035,2026-05-31,25993,406,962.93,584.36,5.95
infmet-0211,inf-0036,2025-12-31,12741,456,632.14,200.62,6.54
infmet-0212,inf-0036,2026-01-31,12418,460,566.63,234.09,6.45
infmet-0213,inf-0036,2026-02-28,12744,460,634.73,190.98,6.48
infmet-0214,inf-0036,2026-03-31,13211,460,565.49,242.35,6.11
infmet-0215,inf-0036,2026-04-30,14455,462,566.82,198.01,5.29
infmet-0216,inf-0036,2026-05-31,15248,465,873.23,399.91,8.35
infmet-0217,inf-0037,2025-12-31,82720,267,402.71,144.37,0.66
infmet-0218,inf-0037,2026-01-31,89516,269,459.13,193.5,0.73
infmet-0219,inf-0037,2026-02-28,88135,271,463.04,133.33,0.68
infmet-0220,inf-0037,2026-03-31,85510,272,416.33,131.46,0.64
infmet-0221,inf-0037,2026-04-30,87576,274,362.38,155.31,0.59
infmet-0222,inf-0037,2026-05-31,89436,276,379.2,138.21,0.58
infmet-0223,inf-0038,2025-12-31,39759,51,703.77,301.61,2.53
infmet-0224,inf-0038,2026-01-31,39281,53,720.37,308.73,2.62
infmet-0225,inf-0038,2026-02-28,38344,53,648.68,278.01,2.42
infmet-0226,inf-0038,2026-03-31,37944,53,655.24,280.82,2.47
infmet-0227,inf-0038,2026-04-30,40316,53,715.04,306.45,2.53
infmet-0228,inf-0038,2026-05-31,41521,56,669.38,633.59,3.14
infmet-0229,inf-0039,2025-12-31,50996,0,177.77,41.85,0.43
infmet-0230,inf-0039,2026-01-31,53466,1,159.9,50.76,0.39
infmet-0231,inf-0039,2026-02-28,55021,3,171.32,39.88,0.38
infmet-0232,inf-0039,2026-03-31,59942,4,171.36,46.14,0.36
infmet-0233,inf-0039,2026-04-30,60125,6,133.38,57.16,0.32
infmet-0234,inf-0039,2026-05-31,65008,7,193.77,70.01,0.41
infmet-0235,inf-0040,2025-12-31,77844,406,801.09,343.33,1.47
infmet-0236,inf-0040,2026-01-31,76784,410,672.61,288.26,1.25
infmet-0237,inf-0040,2026-02-28,80408,419,602.2,258.09,1.07
infmet-0238,inf-0040,2026-03-31,87299,424,750.53,321.66,1.23
infmet-0239,inf-0040,2026-04-30,88279,432,778.23,333.53,1.26
infmet-0240,inf-0040,2026-05-31,94107,440,635.54,473.71,1.18
infmet-0241,inf-0041,2025-12-31,46772,106,642.1,19.35,1.41
infmet-0242,inf-0041,2026-01-31,50453,108,701.42,23.55,1.44
infmet-0243,inf-0041,2026-02-28,53292,109,714.99,26.92,1.39
infmet-0244,inf-0041,2026-03-31,53735,113,766.86,21.09,1.47
infmet-0245,inf-0041,2026-04-30,56276,114,856.1,25.0,1.57
infmet-0246,inf-0041,2026-05-31,54957,116,714.85,20.69,1.34
infmet-0247,inf-0042,2025-12-31,9004,227,684.98,293.56,10.87
infmet-0248,inf-0042,2026-01-31,9775,228,676.61,289.97,9.89
infmet-0249,inf-0042,2026-02-28,9601,229,736.13,315.49,10.95
infmet-0250,inf-0042,2026-03-31,9822,229,846.29,362.7,12.31
infmet-0251,inf-0042,2026-04-30,10192,232,802.34,343.86,11.25
infmet-0252,inf-0042,2026-05-31,10941,232,713.14,703.52,12.95
infmet-0253,inf-0043,2025-12-31,37456,43,688.89,295.24,2.63
infmet-0254,inf-0043,2026-01-31,40734,50,856.88,367.24,3.01
infmet-0255,inf-0043,2026-02-28,40066,52,811.77,347.9,2.89
infmet-0256,inf-0043,2026-03-31,41833,56,903.33,387.14,3.08
infmet-0257,inf-0043,2026-04-30,44836,63,1080.75,463.18,3.44
infmet-0258,inf-0043,2026-05-31,47752,68,831.52,817.63,3.45
infmet-0259,inf-0044,2025-12-31,31296,18,202.9,46.79,0.8
infmet-0260,inf-0044,2026-01-31,31961,22,193.59,41.79,0.74
infmet-0261,inf-0044,2026-02-28,32569,26,173.99,37.01,0.65
infmet-0262,inf-0044,2026-03-31,32425,34,176.53,49.51,0.7
infmet-0263,inf-0044,2026-04-30,33423,40,204.57,55.06,0.78
infmet-0264,inf-0044,2026-05-31,36484,48,184.59,50.91,0.65
infmet-0265,inf-0045,2025-12-31,64549,449,1318.48,565.06,2.92
infmet-0266,inf-0045,2026-01-31,66770,454,1562.1,669.47,3.34
infmet-0267,inf-0045,2026-02-28,70431,459,1886.2,808.37,3.83
infmet-0268,inf-0045,2026-03-31,77102,468,2345.47,1005.2,4.35
infmet-0269,inf-0045,2026-04-30,79615,476,2110.81,904.63,3.79
infmet-0270,inf-0045,2026-05-31,77694,480,974.54,913.42,2.43
infmet-0271,inf-0046,2025-12-31,80340,375,260.86,106.43,0.46
infmet-0272,inf-0046,2026-01-31,86828,377,299.54,128.37,0.49
infmet-0273,inf-0046,2026-02-28,86033,379,327.83,130.81,0.53
infmet-0274,inf-0046,2026-03-31,86284,380,293.66,125.85,0.49
infmet-0275,inf-0046,2026-04-30,85550,381,329.73,141.31,0.55
infmet-0276,inf-0046,2026-05-31,89015,383,268.85,161.42,0.48
infmet-0277,inf-0047,2025-12-31,71481,461,548.62,235.12,1.1
infmet-0278,inf-0047,2026-01-31,77248,465,671.14,287.63,1.24
infmet-0279,inf-0047,2026-02-28,82063,470,795.96,341.13,1.39
infmet-0280,inf-0047,2026-03-31,82218,473,863.82,370.21,1.5
infmet-0281,inf-0047,2026-04-30,84560,477,893.13,382.77,1.51
infmet-0282,inf-0047,2026-05-31,86569,483,672.34,474.04,1.32
infmet-0283,inf-0048,2025-12-31,54976,121,41.85,17.94,0.11
infmet-0284,inf-0048,2026-01-31,57289,125,41.28,17.69,0.1
infmet-0285,inf-0048,2026-02-28,56789,130,42.25,18.11,0.11
infmet-0286,inf-0048,2026-03-31,62122,133,45.73,19.6,0.11
infmet-0287,inf-0048,2026-04-30,64151,140,45.81,19.63,0.1
infmet-0288,inf-0048,2026-05-31,70168,152,33.56,29.75,0.09
infmet-0289,inf-0049,2025-12-31,62741,352,180.52,47.58,0.36
infmet-0290,inf-0049,2026-01-31,63652,353,186.9,40.22,0.36
infmet-0291,inf-0049,2026-02-28,62157,355,176.93,54.1,0.37
infmet-0292,inf-0049,2026-03-31,63051,357,162.14,37.23,0.32
infmet-0293,inf-0049,2026-04-30,68706,357,201.99,47.41,0.36
infmet-0294,inf-0049,2026-05-31,68010,358,153.27,48.45,0.3
infmet-0295,inf-0050,2025-12-31,70590,93,773.96,331.7,1.57
infmet-0296,inf-0050,2026-01-31,72704,99,719.95,308.55,1.41
infmet-0297,inf-0050,2026-02-28,77386,105,807.26,345.97,1.49
infmet-0298,inf-0050,2026-03-31,78275,110,901.29,386.27,1.64
infmet-0299,inf-0050,2026-04-30,85307,118,846.78,362.91,1.42
infmet-0300,inf-0050,2026-05-31,87105,121,830.56,650.56,1.7
infmet-0301,inf-0051,2025-12-31,3060,20,860.35,253.93,36.41
infmet-0302,inf-0051,2026-01-31,3129,27,438.06,187.74,20.0
infmet-0303,inf-0051,2026-02-28,3336,33,454.17,194.64,19.45
infmet-0304,inf-0051,2026-03-31,3395,42,453.89,194.52,19.1
infmet-0305,inf-0051,2026-04-30,3711,46,494.02,135.19,16.96
infmet-0306,inf-0051,2026-05-31,3746,51,887.13,383.5,33.92
infmet-0307,inf-0052,2025-12-31,62743,223,78.34,10.35,0.14
infmet-0308,inf-0052,2026-01-31,66308,225,94.97,10.3,0.16
infmet-0309,inf-0052,2026-02-28,66445,229,88.55,7.52,0.14
infmet-0310,inf-0052,2026-03-31,71886,232,94.87,10.38,0.15
infmet-0311,inf-0052,2026-04-30,77001,237,109.77,9.79,0.16
infmet-0312,inf-0052,2026-05-31,76671,244,88.9,8.98,0.13
infmet-0313,inf-0053,2025-12-31,40391,461,294.82,126.35,1.04
infmet-0314,inf-0053,2026-01-31,43774,467,318.53,136.51,1.04
infmet-0315,inf-0053,2026-02-28,44737,477,338.45,145.05,1.08
infmet-0316,inf-0053,2026-03-31,43530,485,312.93,134.11,1.03
infmet-0317,inf-0053,2026-04-30,46103,489,305.99,131.14,0.95
infmet-0318,inf-0053,2026-05-31,47115,494,299.37,180.48,1.02
infmet-0319,inf-0054,2025-12-31,67197,61,735.75,315.32,1.56
infmet-0320,inf-0054,2026-01-31,70814,64,848.87,363.8,1.71
infmet-0321,inf-0054,2026-02-28,70901,68,941.85,403.65,1.9
infmet-0322,inf-0054,2026-03-31,72981,74,872.83,374.07,1.71
infmet-0323,inf-0054,2026-04-30,75351,79,768.03,329.15,1.46
infmet-0324,inf-0054,2026-05-31,80561,84,784.59,684.7,1.82
infmet-0325,inf-0055,2025-12-31,47665,476,972.66,48.24,2.14
infmet-0326,inf-0055,2026-01-31,48855,482,943.46,30.93,1.99
infmet-0327,inf-0055,2026-02-28,48367,488,1035.59,40.45,2.22
infmet-0328,inf-0055,2026-03-31,48127,488,1077.56,45.63,2.33
infmet-0329,inf-0055,2026-04-30,52931,489,1048.45,43.02,2.06
infmet-0330,inf-0055,2026-05-31,54027,493,971.19,39.83,1.87
infmet-0331,inf-0056,2025-12-31,64183,0,566.42,242.75,1.26
infmet-0332,inf-0056,2026-01-31,63052,1,481.56,206.38,1.09
infmet-0333,inf-0056,2026-02-28,65394,4,525.26,225.11,1.15
infmet-0334,inf-0056,2026-03-31,71928,4,564.99,224.03,1.1
infmet-0335,inf-0056,2026-04-30,79046,4,659.32,282.57,1.19
infmet-0336,inf-0056,2026-05-31,83382,5,744.31,347.03,1.31
infmet-0337,inf-0057,2025-12-31,51821,34,419.89,91.85,0.99
infmet-0338,inf-0057,2026-01-31,50914,37,448.08,96.13,1.07
infmet-0339,inf-0057,2026-02-28,55205,38,369.3,138.43,0.92
infmet-0340,inf-0057,2026-03-31,54582,39,384.47,140.46,0.96
infmet-0341,inf-0057,2026-04-30,59281,39,481.94,143.45,1.05
infmet-0342,inf-0057,2026-05-31,61288,48,483.8,139.76,1.02
infmet-0343,inf-0058,2025-12-31,48463,435,688.2,294.94,2.03
infmet-0344,inf-0058,2026-01-31,51749,437,670.57,287.39,1.85
infmet-0345,inf-0058,2026-02-28,51929,439,723.67,310.15,1.99
infmet-0346,inf-0058,2026-03-31,55352,441,683.19,292.79,1.76
infmet-0347,inf-0058,2026-04-30,56530,442,611.06,261.88,1.54
infmet-0348,inf-0058,2026-05-31,55516,444,821.96,490.42,2.36
infmet-0349,inf-0059,2025-12-31,62204,436,838.12,65.43,1.45
infmet-0350,inf-0059,2026-01-31,68227,441,936.19,74.6,1.48
infmet-0351,inf-0059,2026-02-28,73942,446,992.84,119.35,1.5
infmet-0352,inf-0059,2026-03-31,75501,455,1122.43,125.15,1.65
infmet-0353,inf-0059,2026-04-30,77640,461,1245.84,118.11,1.76
infmet-0354,inf-0059,2026-05-31,81907,469,954.84,107.45,1.3
infmet-0355,inf-0060,2025-12-31,73543,0,644.98,276.42,1.25
infmet-0356,inf-0060,2026-01-31,73925,1,551.28,236.26,1.07
infmet-0357,inf-0060,2026-02-28,75411,1,513.82,220.21,0.97
infmet-0358,inf-0060,2026-03-31,78651,2,599.33,256.85,1.09
infmet-0359,inf-0060,2026-04-30,84743,3,674.09,288.89,1.14
infmet-0360,inf-0060,2026-05-31,90550,4,744.58,706.47,1.6
infmet-0361,inf-0061,2025-12-31,40258,140,952.98,405.81,3.38
infmet-0362,inf-0061,2026-01-31,40171,144,897.96,384.84,3.19
infmet-0363,inf-0061,2026-02-28,42515,150,928.53,372.41,3.06
infmet-0364,inf-0061,2026-03-31,42320,155,785.54,336.66,2.65
infmet-0365,inf-0061,2026-04-30,44273,161,786.63,337.13,2.54
infmet-0366,inf-0061,2026-05-31,44183,171,825.06,439.84,2.86
infmet-0367,inf-0062,2025-12-31,21610,478,115.63,49.55,0.76
infmet-0368,inf-0062,2026-01-31,23356,480,126.25,46.99,0.74
infmet-0369,inf-0062,2026-02-28,23026,482,113.24,48.53,0.7
infmet-0370,inf-0062,2026-03-31,24190,483,134.97,57.85,0.8
infmet-0371,inf-0062,2026-04-30,23827,485,136.01,58.29,0.82
infmet-0372,inf-0062,2026-05-31,23445,485,152.95,78.14,0.99
infmet-0373,inf-0063,2025-12-31,86740,315,362.79,84.22,0.52
infmet-0374,inf-0063,2026-01-31,87758,316,362.84,80.12,0.5
infmet-0375,inf-0063,2026-02-28,86586,320,365.6,88.9,0.52
infmet-0376,inf-0063,2026-03-31,90570,322,423.8,112.48,0.59
infmet-0377,inf-0063,2026-04-30,92533,324,497.15,121.9,0.67
infmet-0378,inf-0063,2026-05-31,94337,326,404.37,102.06,0.54
infmet-0379,inf-0064,2025-12-31,37641,237,494.57,211.96,1.88
infmet-0380,inf-0064,2026-01-31,36975,238,523.07,224.17,2.02
infmet-0381,inf-0064,2026-02-28,37686,241,535.83,170.35,1.87
infmet-0382,inf-0064,2026-03-31,38249,243,550.9,236.1,2.06
infmet-0383,inf-0064,2026-04-30,38696,244,628.82,269.49,2.32
infmet-0384,inf-0064,2026-05-31,40324,247,490.68,241.4,1.82
infmet-0385,inf-0065,2025-12-31,55970,246,849.35,364.01,2.17
infmet-0386,inf-0065,2026-01-31,58385,248,962.19,412.37,2.35
infmet-0387,inf-0065,2026-02-28,61798,250,966.72,414.31,2.23
infmet-0388,inf-0065,2026-03-31,60254,251,1049.67,449.86,2.49
infmet-0389,inf-0065,2026-04-30,58483,252,980.02,420.01,2.39
infmet-0390,inf-0065,2026-05-31,61130,253,945.91,811.7,2.88
infmet-0391,inf-0066,2025-12-31,64819,4,22.48,9.63,0.05
infmet-0392,inf-0066,2026-01-31,67882,6,47.52,20.36,0.1
infmet-0393,inf-0066,2026-02-28,67501,6,55.55,21.72,0.11
infmet-0394,inf-0066,2026-03-31,72984,6,60.36,25.87,0.12
infmet-0395,inf-0066,2026-04-30,79937,8,64.62,27.7,0.12
infmet-0396,inf-0066,2026-05-31,87571,9,25.33,14.53,0.05
infmet-0397,inf-0067,2025-12-31,40793,141,26.39,11.31,0.09
infmet-0398,inf-0067,2026-01-31,42028,143,29.42,12.61,0.1
infmet-0399,inf-0067,2026-02-28,43611,148,30.73,13.17,0.1
infmet-0400,inf-0067,2026-03-31,42439,151,29.71,12.73,0.1
infmet-0401,inf-0067,2026-04-30,45990,155,32.19,13.8,0.1
infmet-0402,inf-0067,2026-05-31,46427,159,31.55,23.44,0.12
infmet-0403,inf-0068,2025-12-31,36475,141,35.02,15.01,0.14
infmet-0404,inf-0068,2026-01-31,38388,146,42.17,17.73,0.16
infmet-0405,inf-0068,2026-02-28,41585,151,39.15,16.78,0.13
infmet-0406,inf-0068,2026-03-31,43860,153,43.85,18.79,0.14
infmet-0407,inf-0068,2026-04-30,43005,160,40.43,17.33,0.13
infmet-0408,inf-0068,2026-05-31,47163,166,29.54,20.28,0.11
infmet-0409,inf-0069,2025-12-31,53764,228,642.15,275.21,1.71
infmet-0410,inf-0069,2026-01-31,56117,233,627.23,268.81,1.6
infmet-0411,inf-0069,2026-02-28,61114,235,778.24,333.53,1.82
infmet-0412,inf-0069,2026-03-31,63530,245,710.54,304.52,1.6
infmet-0413,inf-0069,2026-04-30,62910,249,781.14,334.77,1.77
infmet-0414,inf-0069,2026-05-31,67849,254,895.03,473.17,2.02
infmet-0415,inf-0070,2025-12-31,44261,372,44.39,9.17,0.12
infmet-0416,inf-0070,2026-01-31,48525,376,44.16,12.64,0.12
infmet-0417,inf-0070,2026-02-28,52740,379,43.92,10.22,0.1
infmet-0418,inf-0070,2026-03-31,54884,382,47.88,7.0,0.1
infmet-0419,inf-0070,2026-04-30,57131,385,53.23,8.7,0.11
infmet-0420,inf-0070,2026-05-31,61327,388,64.79,13.92,0.13
infmet-0421,inf-0071,2025-12-31,6318,82,181.03,7.17,2.98
infmet-0422,inf-0071,2026-01-31,6931,82,223.99,8.01,3.35
infmet-0423,inf-0071,2026-02-28,7567,82,246.05,10.07,3.38
infmet-0424,inf-0071,2026-03-31,7847,82,264.35,11.29,3.51
infmet-0425,inf-0071,2026-04-30,7835,84,243.25,7.35,3.2
infmet-0426,inf-0071,2026-05-31,8594,88,239.71,7.99,2.88
infmet-0427,inf-0072,2025-12-31,80410,219,898.93,385.26,1.6
infmet-0428,inf-0072,2026-01-31,86055,221,943.21,404.23,1.57
infmet-0429,inf-0072,2026-02-28,87706,222,893.16,368.33,1.44
infmet-0430,inf-0072,2026-03-31,95857,224,1029.36,441.16,1.53
infmet-0431,inf-0072,2026-04-30,98437,228,952.06,408.03,1.38
infmet-0432,inf-0072,2026-05-31,98375,231,892.05,551.35,1.47
infmet-0433,inf-0073,2025-12-31,76554,212,119.67,51.29,0.22
infmet-0434,inf-0073,2026-01-31,78455,219,121.51,52.07,0.22
infmet-0435,inf-0073,2026-02-28,80976,224,140.34,60.14,0.25
infmet-0436,inf-0073,2026-03-31,83666,232,143.94,61.69,0.25
infmet-0437,inf-0073,2026-04-30,91976,236,137.36,58.87,0.21
infmet-0438,inf-0073,2026-05-31,94438,246,90.78,81.73,0.18
infmet-0439,inf-0074,2025-12-31,17080,113,865.05,370.74,7.24
infmet-0440,inf-0074,2026-01-31,18700,114,935.65,400.99,7.15
infmet-0441,inf-0074,2026-02-28,19772,115,904.85,387.79,6.54
infmet-0442,inf-0074,2026-03-31,20882,118,1025.95,439.69,7.02
infmet-0443,inf-0074,2026-04-30,21199,119,926.28,396.98,6.24
infmet-0444,inf-0074,2026-05-31,22302,120,766.07,677.06,6.47
infmet-0445,inf-0075,2025-12-31,55222,384,458.86,196.65,1.19
infmet-0446,inf-0075,2026-01-31,57366,387,426.25,182.68,1.06
infmet-0447,inf-0075,2026-02-28,57818,389,400.41,171.6,0.99
infmet-0448,inf-0075,2026-03-31,57569,390,375.76,161.04,0.93
infmet-0449,inf-0075,2026-04-30,56998,392,330.43,141.61,0.83
infmet-0450,inf-0075,2026-05-31,62372,394,438.93,306.54,1.2
infmet-0451,inf-0076,2025-12-31,35571,290,490.6,210.26,1.97
infmet-0452,inf-0076,2026-01-31,36172,294,471.03,201.87,1.86
infmet-0453,inf-0076,2026-02-28,36219,300,439.49,188.35,1.73
infmet-0454,inf-0076,2026-03-31,38996,306,420.79,180.34,1.54
infmet-0455,inf-0076,2026-04-30,40098,312,424.74,182.03,1.51
infmet-0456,inf-0076,2026-05-31,43144,321,468.07,287.99,1.75
infmet-0457,inf-0077,2025-12-31,57127,271,65.66,13.4,0.14
infmet-0458,inf-0077,2026-01-31,62021,279,76.45,9.25,0.14
infmet-0459,inf-0077,2026-02-28,65107,284,77.16,10.3,0.13
infmet-0460,inf-0077,2026-03-31,71608,287,81.88,16.28,0.14
infmet-0461,inf-0077,2026-04-30,77532,290,89.54,18.4,0.14
infmet-0462,inf-0077,2026-05-31,81687,300,99.04,16.26,0.14
infmet-0463,inf-0078,2025-12-31,10438,33,557.96,62.65,5.95
infmet-0464,inf-0078,2026-01-31,10489,40,489.56,72.31,5.36
infmet-0465,inf-0078,2026-02-28,10722,50,459.8,62.03,4.87
infmet-0466,inf-0078,2026-03-31,10838,54,417.54,39.98,4.22
infmet-0467,inf-0078,2026-04-30,11767,60,515.04,48.66,4.79
infmet-0468,inf-0078,2026-05-31,12749,65,753.72,90.5,6.62
infmet-0469,inf-0079,2025-12-31,35776,411,30.53,7.49,0.11
infmet-0470,inf-0079,2026-01-31,38491,413,33.26,5.23,0.1
infmet-0471,inf-0079,2026-02-28,40727,420,39.01,5.08,0.11
infmet-0472,inf-0079,2026-03-31,40247,422,39.07,8.06,0.12
infmet-0473,inf-0079,2026-04-30,43818,425,38.92,10.52,0.11
infmet-0474,inf-0079,2026-05-31,44011,428,40.4,7.93,0.11
infmet-0475,inf-0080,2025-12-31,64748,174,430.71,119.63,0.85
infmet-0476,inf-0080,2026-01-31,66132,177,469.47,89.17,0.84
infmet-0477,inf-0080,2026-02-28,64914,179,511.36,96.5,0.94
infmet-0478,inf-0080,2026-03-31,69802,180,537.5,144.03,0.98
infmet-0479,inf-0080,2026-04-30,72417,182,640.69,106.76,1.03
infmet-0480,inf-0080,2026-05-31,72203,186,532.74,107.98,0.89
infmet-0481,inf-0081,2025-12-31,76694,378,379.24,162.53,0.71
infmet-0482,inf-0081,2026-01-31,76241,380,351.46,150.62,0.66
infmet-0483,inf-0081,2026-02-28,75942,385,324.32,138.99,0.61
infmet-0484,inf-0081,2026-03-31,78286,390,297.72,127.6,0.54
infmet-0485,inf-0081,2026-04-30,76933,393,343.42,130.2,0.62
infmet-0486,inf-0081,2026-05-31,82172,395,405.04,249.57,0.8
infmet-0487,inf-0082,2025-12-31,60334,29,49.57,21.25,0.12
infmet-0488,inf-0082,2026-01-31,65199,34,55.48,23.78,0.12
infmet-0489,inf-0082,2026-02-28,71019,36,65.15,27.92,0.13
infmet-0490,inf-0082,2026-03-31,70836,37,57.73,24.74,0.12
infmet-0491,inf-0082,2026-04-30,75920,44,67.09,28.75,0.13
infmet-0492,inf-0082,2026-05-31,79952,47,56.18,44.1,0.13
infmet-0493,inf-0083,2025-12-31,60364,390,35.69,15.3,0.08
infmet-0494,inf-0083,2026-01-31,60423,393,42.3,18.13,0.1
infmet-0495,inf-0083,2026-02-28,59536,396,44.63,19.13,0.11
infmet-0496,inf-0083,2026-03-31,59978,398,47.36,20.3,0.11
infmet-0497,inf-0083,2026-04-30,64022,402,50.91,21.82,0.11
infmet-0498,inf-0083,2026-05-31,68930,404,23.44,23.39,0.07
infmet-0499,inf-0084,2025-12-31,32083,410,394.68,158.03,1.72
infmet-0500,inf-0084,2026-01-31,31512,414,434.73,186.31,1.97
infmet-0501,inf-0084,2026-02-28,34608,420,532.37,228.16,2.2
infmet-0502,inf-0084,2026-03-31,35702,422,516.47,221.34,2.07
infmet-0503,inf-0084,2026-04-30,37593,427,649.63,190.24,2.23
infmet-0504,inf-0084,2026-05-31,38186,430,476.37,221.04,1.83
infmet-0505,inf-0085,2025-12-31,15810,83,156.85,67.22,1.42
infmet-0506,inf-0085,2026-01-31,16052,85,147.67,63.29,1.31
infmet-0507,inf-0085,2026-02-28,15686,91,160.18,68.65,1.46
infmet-0508,inf-0085,2026-03-31,16226,102,177.92,76.25,1.57
infmet-0509,inf-0085,2026-04-30,16928,104,207.1,88.76,1.75
infmet-0510,inf-0085,2026-05-31,17987,112,126.01,99.92,1.26
infmet-0511,inf-0086,2025-12-31,1270,311,756.21,324.09,85.06
infmet-0512,inf-0086,2026-01-31,1320,317,184.8,79.2,20.0
infmet-0513,inf-0086,2026-02-28,1408,323,188.22,80.67,19.1
infmet-0514,inf-0086,2026-03-31,1482,330,202.79,86.91,19.55
infmet-0515,inf-0086,2026-04-30,1574,334,192.18,82.36,17.44
infmet-0516,inf-0086,2026-05-31,1723,341,671.14,556.33,71.24
infmet-0517,inf-0087,2025-12-31,52736,192,589.19,252.51,1.6
infmet-0518,inf-0087,2026-01-31,51662,194,601.17,257.64,1.66
infmet-0519,inf-0087,2026-02-28,56760,195,664.87,284.95,1.67
infmet-0520,inf-0087,2026-03-31,55583,196,692.64,296.85,1.78
infmet-0521,inf-0087,2026-04-30,54783,197,671.9,287.96,1.75
infmet-0522,inf-0087,2026-05-31,53780,197,402.05,319.91,1.34
infmet-0523,inf-0088,2025-12-31,56960,52,92.82,19.39,0.2
infmet-0524,inf-0088,2026-01-31,61593,52,111.78,24.47,0.22
infmet-0525,inf-0088,2026-02-28,65239,55,111.27,24.17,0.21
infmet-0526,inf-0088,2026-03-31,66082,56,114.85,25.18,0.21
infmet-0527,inf-0088,2026-04-30,71334,57,123.11,18.52,0.2
infmet-0528,inf-0088,2026-05-31,71479,60,106.5,21.41,0.18
infmet-0529,inf-0089,2025-12-31,80559,214,435.86,89.65,0.65
infmet-0530,inf-0089,2026-01-31,82426,216,436.04,109.04,0.66
infmet-0531,inf-0089,2026-02-28,84741,220,508.47,95.69,0.71
infmet-0532,inf-0089,2026-03-31,83015,225,491.95,95.04,0.71
infmet-0533,inf-0089,2026-04-30,87891,228,516.37,104.95,0.71
infmet-0534,inf-0089,2026-05-31,92964,232,436.71,82.67,0.56
infmet-0535,inf-0090,2025-12-31,78551,276,41.76,12.19,0.07
infmet-0536,inf-0090,2026-01-31,81234,277,69.65,11.58,0.1
infmet-0537,inf-0090,2026-02-28,88530,280,70.24,18.29,0.1
infmet-0538,inf-0090,2026-03-31,91417,281,77.06,14.36,0.1
infmet-0539,inf-0090,2026-04-30,94803,281,76.78,25.68,0.11
infmet-0540,inf-0090,2026-05-31,92844,283,63.1,15.6,0.08
infmet-0541,inf-0091,2025-12-31,54742,465,579.31,248.28,1.51
infmet-0542,inf-0091,2026-01-31,58506,468,567.87,243.37,1.39
infmet-0543,inf-0091,2026-02-28,59886,469,544.1,233.19,1.3
infmet-0544,inf-0091,2026-03-31,63084,471,530.24,227.25,1.2
infmet-0545,inf-0091,2026-04-30,63867,473,498.64,213.7,1.12
infmet-0546,inf-0091,2026-05-31,67154,474,506.41,305.93,1.21
infmet-0547,inf-0092,2025-12-31,5461,406,289.51,124.07,7.57
infmet-0548,inf-0092,2026-01-31,5512,408,271.97,116.56,7.05
infmet-0549,inf-0092,2026-02-28,5943,413,277.48,118.92,6.67
infmet-0550,inf-0092,2026-03-31,6173,416,292.31,125.27,6.76
infmet-0551,inf-0092,2026-04-30,6151,417,296.57,127.1,6.89
infmet-0552,inf-0092,2026-05-31,6713,417,291.93,150.42,6.59
infmet-0553,inf-0093,2025-12-31,58316,336,703.19,170.57,1.5
infmet-0554,inf-0093,2026-01-31,58294,338,570.14,244.35,1.4
infmet-0555,inf-0093,2026-02-28,59927,338,569.92,158.11,1.21
infmet-0556,inf-0093,2026-03-31,64755,339,483.09,198.55,1.05
infmet-0557,inf-0093,2026-04-30,64401,340,510.7,183.84,1.08
infmet-0558,inf-0093,2026-05-31,63534,344,640.17,241.34,1.39
infmet-0559,inf-0094,2025-12-31,81515,124,466.2,185.26,0.8
infmet-0560,inf-0094,2026-01-31,80962,132,483.48,207.21,0.85
infmet-0561,inf-0094,2026-02-28,78649,137,486.51,204.45,0.88
infmet-0562,inf-0094,2026-03-31,85420,140,622.58,229.89,1.0
infmet-0563,inf-0094,2026-04-30,91772,144,699.32,214.92,1.0
infmet-0564,inf-0094,2026-05-31,89875,151,449.43,214.52,0.74
infmet-0565,inf-0095,2025-12-31,83535,319,559.63,239.84,0.96
infmet-0566,inf-0095,2026-01-31,87658,325,557.47,217.42,0.88
infmet-0567,inf-0095,2026-02-28,92367,330,493.13,211.34,0.76
infmet-0568,inf-0095,2026-03-31,94870,332,464.49,199.07,0.7
infmet-0569,inf-0095,2026-04-30,92251,337,454.63,181.87,0.69
infmet-0570,inf-0095,2026-05-31,98015,342,581.39,310.47,0.91
infmet-0571,inf-0096,2025-12-31,75267,439,223.61,25.84,0.33
infmet-0572,inf-0096,2026-01-31,80475,449,271.51,23.18,0.37
infmet-0573,inf-0096,2026-02-28,78187,456,262.46,33.63,0.38
infmet-0574,inf-0096,2026-03-31,85517,463,310.21,24.78,0.39
infmet-0575,inf-0096,2026-04-30,93234,465,315.91,40.24,0.38
infmet-0576,inf-0096,2026-05-31,90653,467,346.11,38.16,0.42
infmet-0577,inf-0097,2025-12-31,898,127,351.0,65.1,46.34
infmet-0578,inf-0097,2026-01-31,957,127,153.44,37.96,20.0
infmet-0579,inf-0097,2026-02-28,1049,127,161.01,48.79,20.0
infmet-0580,inf-0097,2026-03-31,1060,129,171.93,32.32,19.27
infmet-0581,inf-0097,2026-04-30,1098,132,174.24,45.36,20.0
infmet-0582,inf-0097,2026-05-31,1133,132,382.94,87.01,41.48
infmet-0583,inf-0098,2025-12-31,47227,28,930.55,398.81,2.81
infmet-0584,inf-0098,2026-01-31,46248,31,986.26,323.39,2.83
infmet-0585,inf-0098,2026-02-28,46903,35,1025.33,439.43,3.12
infmet-0586,inf-0098,2026-03-31,49607,37,1067.0,457.29,3.07
infmet-0587,inf-0098,2026-04-30,48689,40,1271.33,428.05,3.49
infmet-0588,inf-0098,2026-05-31,48182,44,784.56,370.7,2.4
infmet-0589,inf-0099,2025-12-31,58929,227,270.52,115.94,0.66
infmet-0590,inf-0099,2026-01-31,60540,232,290.53,124.51,0.69
infmet-0591,inf-0099,2026-02-28,59824,236,253.39,108.6,0.61
infmet-0592,inf-0099,2026-03-31,60258,238,218.0,93.43,0.52
infmet-0593,inf-0099,2026-04-30,58821,246,196.73,84.31,0.48
infmet-0594,inf-0099,2026-05-31,62314,252,261.43,176.78,0.7
infmet-0595,inf-0100,2025-12-31,1460,94,488.53,209.37,47.8
infmet-0596,inf-0100,2026-01-31,1435,99,216.68,70.32,20.0
infmet-0597,inf-0100,2026-02-28,1471,104,205.94,88.26,20.0
infmet-0598,inf-0100,2026-03-31,1493,104,209.02,89.58,20.0
infmet-0599,inf-0100,2026-04-30,1548,108,227.2,82.4,20.0
infmet-0600,inf-0100,2026-05-31,1506,111,421.21,214.82,42.23
infmet-0601,inf-0101,2025-12-31,55294,375,160.91,68.96,0.42
infmet-0602,inf-0101,2026-01-31,55963,378,151.41,64.89,0.39
infmet-0603,inf-0101,2026-02-28,60415,378,163.66,70.14,0.39
infmet-0604,inf-0101,2026-03-31,62157,378,147.7,63.3,0.34
infmet-0605,inf-0101,2026-04-30,60423,378,140.29,60.13,0.33
infmet-0606,inf-0101,2026-05-31,66368,380,139.95,86.8,0.34
infmet-0607,inf-0102,2025-12-31,35525,319,160.6,41.03,0.57
infmet-0608,inf-0102,2026-01-31,36910,326,149.36,41.28,0.52
infmet-0609,inf-0102,2026-02-28,37674,328,160.87,44.23,0.54
infmet-0610,inf-0102,2026-03-31,40734,331,146.81,53.74,0.49
infmet-0611,inf-0102,2026-04-30,40992,332,163.05,49.36,0.52
infmet-0612,inf-0102,2026-05-31,42151,338,192.92,59.97,0.6
infmet-0613,inf-0103,2025-12-31,39588,398,851.85,365.08,3.07
infmet-0614,inf-0103,2026-01-31,40164,403,943.82,404.5,3.36
infmet-0615,inf-0103,2026-02-28,43659,406,1160.43,497.33,3.8
infmet-0616,inf-0103,2026-03-31,43563,411,1194.88,512.09,3.92
infmet-0617,inf-0103,2026-04-30,45495,419,1326.62,568.55,4.17
infmet-0618,inf-0103,2026-05-31,49173,425,954.51,897.11,3.77
infmet-0619,inf-0104,2025-12-31,78394,102,672.91,288.39,1.23
infmet-0620,inf-0104,2026-01-31,78739,102,631.14,270.49,1.15
infmet-0621,inf-0104,2026-02-28,85872,102,624.91,267.82,1.04
infmet-0622,inf-0104,2026-03-31,83454,103,594.07,241.92,1.0
infmet-0623,inf-0104,2026-04-30,87602,105,593.12,254.19,0.97
infmet-0624,inf-0104,2026-05-31,87000,108,827.32,562.34,1.6
infmet-0625,inf-0105,2025-12-31,51690,218,654.41,280.46,1.81
infmet-0626,inf-0105,2026-01-31,52253,220,714.5,306.22,1.95
infmet-0627,inf-0105,2026-02-28,54298,222,810.71,347.45,2.13
infmet-0628,inf-0105,2026-03-31,56228,223,791.29,339.12,2.01
infmet-0629,inf-0105,2026-04-30,61328,223,974.2,417.51,2.27
infmet-0630,inf-0105,2026-05-31,67387,223,749.57,509.64,1.87
infmet-0631,inf-0106,2025-12-31,13658,121,421.91,180.82,4.41
infmet-0632,inf-0106,2026-01-31,13422,125,401.28,171.98,4.27
infmet-0633,inf-0106,2026-02-28,14514,130,424.18,181.79,4.18
infmet-0634,inf-0106,2026-03-31,15215,133,495.28,212.26,4.65
infmet-0635,inf-0106,2026-04-30,16339,141,495.22,212.24,4.33
infmet-0636,inf-0106,2026-05-31,17485,149,553.75,319.99,5.0
infmet-0637,inf-0107,2025-12-31,21789,320,759.65,60.58,3.76
infmet-0638,inf-0107,2026-01-31,22306,323,704.31,45.22,3.36
infmet-0639,inf-0107,2026-02-28,23277,330,718.65,69.71,3.39
infmet-0640,inf-0107,2026-03-31,23644,334,682.5,39.01,3.05
infmet-0641,inf-0107,2026-04-30,23401,338,725.17,57.11,3.34
infmet-0642,inf-0107,2026-05-31,24228,339,724.51,54.79,3.22
infmet-0643,inf-0108,2025-12-31,80198,465,578.08,247.75,1.03
infmet-0644,inf-0108,2026-01-31,83133,469,542.78,232.62,0.93
infmet-0645,inf-0108,2026-02-28,81369,476,503.1,215.61,0.88
infmet-0646,inf-0108,2026-03-31,87559,480,555.6,238.11,0.91
infmet-0647,inf-0108,2026-04-30,91737,490,620.19,265.8,0.97
infmet-0648,inf-0108,2026-05-31,89687,494,452.7,319.99,0.86
infmet-0649,inf-0109,2025-12-31,83489,443,464.33,135.35,0.72
infmet-0650,inf-0109,2026-01-31,91074,447,512.64,219.7,0.8
infmet-0651,inf-0109,2026-02-28,89692,451,479.56,188.28,0.74
infmet-0652,inf-0109,2026-03-31,88025,456,487.06,208.74,0.79
infmet-0653,inf-0109,2026-04-30,95939,461,504.11,155.77,0.69
infmet-0654,inf-0109,2026-05-31,99077,467,576.34,261.45,0.85
infmet-0655,inf-0110,2025-12-31,46666,376,171.94,73.69,0.53
infmet-0656,inf-0110,2026-01-31,47501,383,169.03,72.44,0.51
infmet-0657,inf-0110,2026-02-28,48053,388,155.45,66.62,0.46
infmet-0658,inf-0110,2026-03-31,47464,392,142.58,61.1,0.43
infmet-0659,inf-0110,2026-04-30,51447,400,160.43,68.75,0.45
infmet-0660,inf-0110,2026-05-31,54910,409,173.28,157.47,0.6
infmet-0661,inf-0111,2025-12-31,68268,220,208.68,79.9,0.42
infmet-0662,inf-0111,2026-01-31,66741,226,189.35,61.17,0.38
infmet-0663,inf-0111,2026-02-28,71625,236,219.18,69.95,0.4
infmet-0664,inf-0111,2026-03-31,77948,239,232.99,82.4,0.4
infmet-0665,inf-0111,2026-04-30,80899,241,253.84,95.42,0.43
infmet-0666,inf-0111,2026-05-31,88633,246,284.04,83.24,0.41
infmet-0667,inf-0112,2025-12-31,77850,475,651.33,217.75,1.12
infmet-0668,inf-0112,2026-01-31,82077,478,563.19,241.37,0.98
infmet-0669,inf-0112,2026-02-28,88795,480,680.21,291.52,1.09
infmet-0670,inf-0112,2026-03-31,88628,483,732.75,314.03,1.18
infmet-0671,inf-0112,2026-04-30,92377,488,741.44,251.36,1.07
infmet-0672,inf-0112,2026-05-31,90043,492,840.58,337.06,1.31
infmet-0673,inf-0113,2025-12-31,17192,300,489.67,209.86,4.07
infmet-0674,inf-0113,2026-01-31,18307,308,524.83,224.93,4.1
infmet-0675,inf-0113,2026-02-28,17769,314,498.88,213.81,4.01
infmet-0676,inf-0113,2026-03-31,17336,321,501.06,214.74,4.13
infmet-0677,inf-0113,2026-04-30,18458,327,597.21,255.95,4.62
infmet-0678,inf-0113,2026-05-31,17999,334,472.98,329.25,4.46
infmet-0679,inf-0114,2025-12-31,59602,384,871.25,373.39,2.09
infmet-0680,inf-0114,2026-01-31,58066,387,774.69,332.01,1.91
infmet-0681,inf-0114,2026-02-28,63263,394,767.59,328.97,1.73
infmet-0682,inf-0114,2026-03-31,65447,399,811.63,347.84,1.77
infmet-0683,inf-0114,2026-04-30,69984,407,867.37,371.73,1.77
infmet-0684,inf-0114,2026-05-31,69472,417,666.88,497.19,1.68
infmet-0685,inf-0115,2025-12-31,12650,314,536.61,229.97,6.06
infmet-0686,inf-0115,2026-01-31,12551,320,586.0,251.14,6.67
infmet-0687,inf-0115,2026-02-28,12287,324,502.93,215.54,5.85
infmet-0688,inf-0115,2026-03-31,12825,330,449.95,192.83,5.01
infmet-0689,inf-0115,2026-04-30,13056,332,397.08,170.18,4.34
infmet-0690,inf-0115,2026-05-31,14138,339,370.33,355.25,5.13
infmet-0691,inf-0116,2025-12-31,62099,161,582.3,69.22,1.05
infmet-0692,inf-0116,2026-01-31,60654,162,555.81,65.02,1.02
infmet-0693,inf-0116,2026-02-28,65384,165,577.66,64.78,0.98
infmet-0694,inf-0116,2026-03-31,64699,166,570.09,69.71,0.99
infmet-0695,inf-0116,2026-04-30,71077,167,629.83,65.09,0.98
infmet-0696,inf-0116,2026-05-31,73571,168,769.01,103.44,1.19
infmet-0697,inf-0117,2025-12-31,55943,363,759.25,325.39,1.94
infmet-0698,inf-0117,2026-01-31,55992,363,836.13,330.25,2.08
infmet-0699,inf-0117,2026-02-28,60482,365,768.66,329.43,1.82
infmet-0700,inf-0117,2026-03-31,64123,372,837.46,358.91,1.87
infmet-0701,inf-0117,2026-04-30,63315,380,890.43,381.61,2.01
infmet-0702,inf-0117,2026-05-31,66372,381,996.48,666.35,2.51
infmet-0703,inf-0118,2025-12-31,9697,112,159.83,68.5,2.35
infmet-0704,inf-0118,2026-01-31,10355,115,161.96,69.41,2.23
infmet-0705,inf-0118,2026-02-28,11111,117,196.3,84.13,2.52
infmet-0706,inf-0118,2026-03-31,11639,118,216.85,92.94,2.66
infmet-0707,inf-0118,2026-04-30,12130,120,258.18,110.65,3.04
infmet-0708,inf-0118,2026-05-31,11962,121,157.05,155.82,2.62
infmet-0709,inf-0119,2025-12-31,80784,90,988.44,423.62,1.75
infmet-0710,inf-0119,2026-01-31,86398,99,1138.74,488.03,1.88
infmet-0711,inf-0119,2026-02-28,86030,105,1245.53,533.8,2.07
infmet-0712,inf-0119,2026-03-31,84834,107,1308.67,560.86,2.2
infmet-0713,inf-0119,2026-04-30,92561,114,1464.79,627.77,2.26
infmet-0714,inf-0119,2026-05-31,90595,120,874.6,612.67,1.64
infmet-0715,inf-0120,2025-12-31,58382,69,700.75,162.67,1.48
infmet-0716,inf-0120,2026-01-31,60725,70,762.18,158.85,1.52
infmet-0717,inf-0120,2026-02-28,60501,72,803.28,157.66,1.59
infmet-0718,inf-0120,2026-03-31,59947,72,841.79,173.25,1.69
infmet-0719,inf-0120,2026-04-30,65923,74,1021.59,142.03,1.77
infmet-0720,inf-0120,2026-05-31,70425,76,842.18,160.96,1.42
infmet-0721,inf-0121,2025-12-31,10438,398,401.67,172.15,5.5
infmet-0722,inf-0121,2026-01-31,10929,401,420.52,170.6,5.41
infmet-0723,inf-0121,2026-02-28,10730,404,450.63,193.13,6.0
infmet-0724,inf-0121,2026-03-31,11355,406,508.82,218.07,6.4
infmet-0725,inf-0121,2026-04-30,12303,407,554.57,237.67,6.44
infmet-0726,inf-0121,2026-05-31,12777,408,462.31,302.13,5.98
infmet-0727,inf-0122,2025-12-31,25467,167,1037.51,444.65,5.82
infmet-0728,inf-0122,2026-01-31,27404,169,1270.18,544.36,6.62
infmet-0729,inf-0122,2026-02-28,27787,172,1250.12,535.77,6.43
infmet-0730,inf-0122,2026-03-31,27335,175,1064.12,456.05,5.56
infmet-0731,inf-0122,2026-04-30,27349,175,1199.86,514.23,6.27
infmet-0732,inf-0122,2026-05-31,28325,178,913.36,650.83,5.52
infmet-0733,inf-0123,2025-12-31,52805,391,340.59,84.31,0.8
infmet-0734,inf-0123,2026-01-31,53124,401,362.95,54.24,0.79
infmet-0735,inf-0123,2026-02-28,57256,409,343.33,54.97,0.7
infmet-0736,inf-0123,2026-03-31,62613,413,317.82,65.05,0.61
infmet-0737,inf-0123,2026-04-30,66294,418,321.84,51.03,0.56
infmet-0738,inf-0123,2026-05-31,64597,421,440.66,87.13,0.82
infmet-0739,inf-0124,2025-12-31,54203,86,226.42,97.04,0.6
infmet-0740,inf-0124,2026-01-31,53641,89,232.15,99.49,0.62
infmet-0741,inf-0124,2026-02-28,58393,91,263.27,112.83,0.64
infmet-0742,inf-0124,2026-03-31,61394,92,292.62,125.41,0.68
infmet-0743,inf-0124,2026-04-30,62490,92,254.64,109.13,0.58
infmet-0744,inf-0124,2026-05-31,65191,92,185.57,178.72,0.56
infmet-0745,inf-0125,2025-12-31,14871,90,383.93,164.54,3.69
infmet-0746,inf-0125,2026-01-31,15445,101,434.2,135.31,3.69
infmet-0747,inf-0125,2026-02-28,15483,104,425.86,169.67,3.85
infmet-0748,inf-0125,2026-03-31,15702,109,479.85,205.65,4.37
infmet-0749,inf-0125,2026-04-30,16123,114,501.28,157.24,4.08
infmet-0750,inf-0125,2026-05-31,16702,121,402.36,200.23,3.61
infmet-0751,inf-0126,2025-12-31,15463,291,214.39,57.5,1.76
infmet-0752,inf-0126,2026-01-31,15795,292,220.21,62.32,1.79
infmet-0753,inf-0126,2026-02-28,16561,294,242.16,76.38,1.92
infmet-0754,inf-0126,2026-03-31,17176,299,307.4,55.35,2.11
infmet-0755,inf-0126,2026-04-30,18328,306,295.13,97.2,2.14
infmet-0756,inf-0126,2026-05-31,19394,307,360.93,88.71,2.32
infmet-0757,inf-0127,2025-12-31,50282,60,528.36,133.47,1.32
infmet-0758,inf-0127,2026-01-31,51684,64,531.59,179.82,1.38
infmet-0759,inf-0127,2026-02-28,50160,70,428.85,183.79,1.22
infmet-0760,inf-0127,2026-03-31,49924,76,400.63,171.7,1.15
infmet-0761,inf-0127,2026-04-30,48924,85,470.62,159.79,1.29
infmet-0762,inf-0127,2026-05-31,52775,91,423.59,154.87,1.1
infmet-0763,inf-0128,2025-12-31,68133,374,71.9,30.81,0.15
infmet-0764,inf-0128,2026-01-31,71529,376,75.32,32.28,0.15
infmet-0765,inf-0128,2026-02-28,70724,380,80.57,34.53,0.16
infmet-0766,inf-0128,2026-03-31,68893,382,73.09,31.33,0.15
infmet-0767,inf-0128,2026-04-30,73574,387,77.93,33.4,0.15
infmet-0768,inf-0128,2026-05-31,75735,389,56.43,40.0,0.13
infmet-0769,inf-0129,2025-12-31,54155,305,850.85,364.65,2.24
infmet-0770,inf-0129,2026-01-31,56475,307,921.95,395.12,2.33
infmet-0771,inf-0129,2026-02-28,57883,309,950.88,407.52,2.35
infmet-0772,inf-0129,2026-03-31,60445,311,971.7,416.44,2.3
infmet-0773,inf-0129,2026-04-30,65954,315,1048.94,449.54,2.27
infmet-0774,inf-0129,2026-05-31,65933,320,749.26,492.42,1.88
infmet-0775,inf-0130,2025-12-31,15080,318,663.81,93.39,5.02
infmet-0776,inf-0130,2026-01-31,16194,322,793.71,79.09,5.39
infmet-0777,inf-0130,2026-02-28,17244,326,825.4,90.84,5.31
infmet-0778,inf-0130,2026-03-31,18703,331,960.82,160.23,5.99
infmet-0779,inf-0130,2026-04-30,18850,332,972.3,121.78,5.8
infmet-0780,inf-0130,2026-05-31,20399,333,780.39,105.08,4.34
infmet-0781,inf-0131,2025-12-31,80166,12,265.57,113.82,0.47
infmet-0782,inf-0131,2026-01-31,78492,17,274.89,105.71,0.48
infmet-0783,inf-0131,2026-02-28,85272,23,289.52,124.08,0.49
infmet-0784,inf-0131,2026-03-31,91647,28,308.56,132.24,0.48
infmet-0785,inf-0131,2026-04-30,94755,33,377.83,121.38,0.53
infmet-0786,inf-0131,2026-05-31,94942,39,316.09,140.01,0.48
infmet-0787,inf-0132,2025-12-31,55184,278,106.72,30.52,0.25
infmet-0788,inf-0132,2026-01-31,55359,282,108.67,44.48,0.28
infmet-0789,inf-0132,2026-02-28,58530,290,107.16,38.54,0.25
infmet-0790,inf-0132,2026-03-31,58591,293,121.11,38.72,0.27
infmet-0791,inf-0132,2026-04-30,62463,298,114.02,32.46,0.23
infmet-0792,inf-0132,2026-05-31,62906,300,97.45,30.37,0.2
infmet-0793,inf-0133,2025-12-31,79125,262,183.04,78.45,0.33
infmet-0794,inf-0133,2026-01-31,78504,270,166.7,71.44,0.3
infmet-0795,inf-0133,2026-02-28,78496,272,166.84,71.5,0.3
infmet-0796,inf-0133,2026-03-31,85249,275,207.88,89.09,0.35
infmet-0797,inf-0133,2026-04-30,87883,277,182.94,78.4,0.3
infmet-0798,inf-0133,2026-05-31,93353,283,157.21,102.19,0.28
infmet-0799,inf-0134,2025-12-31,12159,70,402.91,134.67,4.42
infmet-0800,inf-0134,2026-01-31,13206,70,472.36,104.51,4.37
infmet-0801,inf-0134,2026-02-28,13485,75,378.69,154.08,3.95
infmet-0802,inf-0134,2026-03-31,13320,82,428.5,102.44,3.99
infmet-0803,inf-0134,2026-04-30,14279,87,436.56,167.89,4.23
infmet-0804,inf-0134,2026-05-31,15226,94,577.35,182.0,4.99
infmet-0805,inf-0135,2025-12-31,56713,46,693.19,297.08,1.75
infmet-0806,inf-0135,2026-01-31,55254,54,750.26,321.54,1.94
infmet-0807,inf-0135,2026-02-28,57167,62,850.86,324.06,2.06
infmet-0808,inf-0135,2026-03-31,56839,65,860.45,368.76,2.16
infmet-0809,inf-0135,2026-04-30,56658,74,901.56,332.95,2.18
infmet-0810,inf-0135,2026-05-31,60724,79,588.61,335.08,1.52
infmet-0811,inf-0136,2025-12-31,43846,429,72.79,28.86,0.23
infmet-0812,inf-0136,2026-01-31,43453,432,75.67,29.56,0.24
infmet-0813,inf-0136,2026-02-28,47747,436,81.28,34.84,0.24
infmet-0814,inf-0136,2026-03-31,51536,436,81.41,34.89,0.23
infmet-0815,inf-0136,2026-04-30,54514,439,76.69,32.87,0.2
infmet-0816,inf-0136,2026-05-31,56034,440,89.24,52.1,0.25
infmet-0817,inf-0137,2025-12-31,46445,279,643.04,275.59,1.98
infmet-0818,inf-0137,2026-01-31,50098,285,663.09,284.18,1.89
infmet-0819,inf-0137,2026-02-28,51105,295,712.84,305.5,1.99
infmet-0820,inf-0137,2026-03-31,55783,300,841.21,360.52,2.15
infmet-0821,inf-0137,2026-04-30,58019,303,1005.7,431.02,2.48
infmet-0822,inf-0137,2026-05-31,61459,305,579.5,565.65,1.86
infmet-0823,inf-0138,2025-12-31,89511,156,720.4,308.74,1.15
infmet-0824,inf-0138,2026-01-31,96987,158,873.33,274.12,1.18
infmet-0825,inf-0138,2026-02-28,94644,158,768.43,329.33,1.16
infmet-0826,inf-0138,2026-03-31,93844,158,858.7,368.01,1.31
infmet-0827,inf-0138,2026-04-30,93271,161,799.13,342.48,1.22
infmet-0828,inf-0138,2026-05-31,99337,163,862.88,417.67,1.29
infmet-0829,inf-0139,2025-12-31,23652,430,741.07,270.22,4.28
infmet-0830,inf-0139,2026-01-31,24330,436,765.09,235.15,4.11
infmet-0831,inf-0139,2026-02-28,24302,440,665.21,197.7,3.55
infmet-0832,inf-0139,2026-03-31,25899,444,707.03,291.75,3.86
infmet-0833,inf-0139,2026-04-30,27858,448,807.49,245.24,3.78
infmet-0834,inf-0139,2026-05-31,27819,451,970.72,372.81,4.83
infmet-0835,inf-0140,2025-12-31,31536,57,548.86,35.95,1.85
infmet-0836,inf-0140,2026-01-31,33931,60,640.42,35.58,1.99
infmet-0837,inf-0140,2026-02-28,34816,65,640.01,44.85,1.97
infmet-0838,inf-0140,2026-03-31,35492,71,643.89,36.35,1.92
infmet-0839,inf-0140,2026-04-30,36164,73,652.77,45.61,1.93
infmet-0840,inf-0140,2026-05-31,38687,75,692.24,51.32,1.92
infmet-0841,inf-0141,2025-12-31,89041,141,503.75,110.52,0.69
infmet-0842,inf-0141,2026-01-31,86604,143,403.21,104.81,0.59
infmet-0843,inf-0141,2026-02-28,89159,145,391.46,78.49,0.53
infmet-0844,inf-0141,2026-03-31,93687,148,371.49,62.12,0.46
infmet-0845,inf-0141,2026-04-30,91318,153,320.17,108.77,0.47
infmet-0846,inf-0141,2026-05-31,99627,158,543.44,136.27,0.68
infmet-0847,inf-0142,2025-12-31,55460,434,927.25,397.39,2.39
infmet-0848,inf-0142,2026-01-31,58196,440,949.66,407.0,2.33
infmet-0849,inf-0142,2026-02-28,61123,440,962.7,412.59,2.25
infmet-0850,inf-0142,2026-03-31,67086,444,1193.32,511.42,2.54
infmet-0851,inf-0142,2026-04-30,66351,444,1056.05,452.59,2.27
infmet-0852,inf-0142,2026-05-31,65455,446,790.31,684.71,2.25
infmet-0853,inf-0143,2025-12-31,44748,465,283.13,82.59,0.82
infmet-0854,inf-0143,2026-01-31,47324,465,311.3,133.41,0.94
infmet-0855,inf-0143,2026-02-28,49186,466,275.74,118.18,0.8
infmet-0856,inf-0143,2026-03-31,48664,470,245.07,105.03,0.72
infmet-0857,inf-0143,2026-04-30,51660,470,280.79,110.29,0.76
infmet-0858,inf-0143,2026-05-31,53923,473,277.34,122.77,0.74
infmet-0859,inf-0144,2025-12-31,17940,222,247.66,106.14,1.97
infmet-0860,inf-0144,2026-01-31,18957,225,299.9,128.53,2.26
infmet-0861,inf-0144,2026-02-28,20562,228,298.21,127.8,2.07
infmet-0862,inf-0144,2026-03-31,21450,230,340.47,145.92,2.27
infmet-0863,inf-0144,2026-04-30,21385,234,305.7,131.01,2.04
infmet-0864,inf-0144,2026-05-31,22396,240,326.37,257.84,2.61
infmet-0865,inf-0145,2025-12-31,49730,343,609.03,76.42,1.38
infmet-0866,inf-0145,2026-01-31,51586,344,732.57,78.68,1.57
infmet-0867,inf-0145,2026-02-28,56164,344,703.93,73.53,1.38
infmet-0868,inf-0145,2026-03-31,55559,346,700.64,89.71,1.42
infmet-0869,inf-0145,2026-04-30,59502,351,715.68,69.09,1.32
infmet-0870,inf-0145,2026-05-31,58905,353,627.56,76.53,1.2
infmet-0871,inf-0146,2025-12-31,40822,363,10.04,2.9,0.03
infmet-0872,inf-0146,2026-01-31,43946,367,35.37,8.58,0.1
infmet-0873,inf-0146,2026-02-28,45517,370,33.1,12.42,0.1
infmet-0874,inf-0146,2026-03-31,49658,373,40.43,10.81,0.1
infmet-0875,inf-0146,2026-04-30,48996,377,35.15,13.85,0.1
infmet-0876,inf-0146,2026-05-31,51671,378,11.59,4.18,0.03
infmet-0877,inf-0147,2025-12-31,70380,329,165.07,70.74,0.34
infmet-0878,inf-0147,2026-01-31,72595,333,157.26,67.36,0.31
infmet-0879,inf-0147,2026-02-28,75730,344,177.98,73.6,0.33
infmet-0880,inf-0147,2026-03-31,78863,346,160.53,68.8,0.29
infmet-0881,inf-0147,2026-04-30,79671,354,175.53,75.23,0.31
infmet-0882,inf-0147,2026-05-31,85793,358,164.63,105.82,0.32
infmet-0883,inf-0148,2025-12-31,5148,212,239.59,102.68,6.65
infmet-0884,inf-0148,2026-01-31,5628,214,259.9,111.39,6.6
infmet-0885,inf-0148,2026-02-28,5978,219,281.92,120.82,6.74
infmet-0886,inf-0148,2026-03-31,6015,223,267.85,114.79,6.36
infmet-0887,inf-0148,2026-04-30,6381,229,253.57,108.67,5.68
infmet-0888,inf-0148,2026-05-31,6822,236,205.49,199.1,5.93
infmet-0889,inf-0149,2025-12-31,28527,121,24.87,10.66,0.12
infmet-0890,inf-0149,2026-01-31,29962,125,25.71,11.02,0.12
infmet-0891,inf-0149,2026-02-28,31813,133,29.34,12.58,0.13
infmet-0892,inf-0149,2026-03-31,34934,139,36.82,15.78,0.15
infmet-0893,inf-0149,2026-04-30,34931,149,36.38,15.59,0.15
infmet-0894,inf-0149,2026-05-31,35036,153,19.62,18.42,0.11
infmet-0895,inf-0150,2025-12-31,69514,142,49.07,11.57,0.09
infmet-0896,inf-0150,2026-01-31,68799,142,50.32,18.47,0.1
infmet-0897,inf-0150,2026-02-28,72257,143,55.75,16.51,0.1
infmet-0898,inf-0150,2026-03-31,74744,145,62.24,12.51,0.1
infmet-0899,inf-0150,2026-04-30,78474,146,54.93,23.54,0.1
infmet-0900,inf-0150,2026-05-31,84106,147,66.45,20.5,0.1
infmet-0901,inf-0151,2025-12-31,4251,53,445.25,190.82,14.96
infmet-0902,inf-0151,2026-01-31,4461,54,503.82,215.92,16.13
infmet-0903,inf-0151,2026-02-28,4523,55,482.67,206.86,15.24
infmet-0904,inf-0151,2026-03-31,4921,55,478.71,205.16,13.9
infmet-0905,inf-0151,2026-04-30,5329,58,511.18,219.08,13.7
infmet-0906,inf-0151,2026-05-31,5670,60,417.3,326.42,13.12
infmet-0907,inf-0152,2025-12-31,31345,472,78.03,7.01,0.27
infmet-0908,inf-0152,2026-01-31,31455,475,77.55,11.4,0.28
infmet-0909,inf-0152,2026-02-28,32107,483,87.04,8.55,0.3
infmet-0910,inf-0152,2026-03-31,31493,486,81.31,7.71,0.28
infmet-0911,inf-0152,2026-04-30,30743,493,80.34,10.38,0.3
infmet-0912,inf-0152,2026-05-31,31681,495,67.8,7.66,0.24
infmet-0913,inf-0153,2025-12-31,75850,387,740.46,317.34,1.39
infmet-0914,inf-0153,2026-01-31,76243,392,675.75,289.61,1.27
infmet-0915,inf-0153,2026-02-28,80629,398,723.57,310.1,1.28
infmet-0916,inf-0153,2026-03-31,79882,405,637.05,273.02,1.14
infmet-0917,inf-0153,2026-04-30,84053,413,708.3,303.56,1.2
infmet-0918,inf-0153,2026-05-31,86463,421,737.0,692.77,1.65
infmet-0919,inf-0154,2025-12-31,69099,142,890.51,243.08,1.64
infmet-0920,inf-0154,2026-01-31,70408,144,980.32,223.09,1.71
infmet-0921,inf-0154,2026-02-28,75407,145,993.02,386.73,1.83
infmet-0922,inf-0154,2026-03-31,73702,152,1087.93,346.27,1.95
infmet-0923,inf-0154,2026-04-30,79568,152,1363.46,351.39,2.16
infmet-0924,inf-0154,2026-05-31,85053,155,883.72,318.04,1.41
infmet-0925,inf-0155,2025-12-31,32610,450,761.23,296.04,3.24
infmet-0926,inf-0155,2026-01-31,32955,460,714.5,224.51,2.85
infmet-0927,inf-0155,2026-02-28,35891,463,700.78,226.34,2.58
infmet-0928,inf-0155,2026-03-31,35080,469,569.78,221.3,2.26
infmet-0929,inf-0155,2026-04-30,34348,474,607.17,191.61,2.33
infmet-0930,inf-0155,2026-05-31,34799,478,807.2,223.35,2.96
infmet-0931,inf-0156,2025-12-31,22978,318,647.0,277.29,4.02
infmet-0932,inf-0156,2026-01-31,25088,323,754.52,323.37,4.3
infmet-0933,inf-0156,2026-02-28,25990,330,867.02,371.58,4.77
infmet-0934,inf-0156,2026-03-31,25225,335,751.45,322.05,4.26
infmet-0935,inf-0156,2026-04-30,25664,340,715.98,306.85,3.99
infmet-0936,inf-0156,2026-05-31,27787,352,736.31,677.73,5.09
infmet-0937,inf-0157,2025-12-31,24098,50,47.64,10.34,0.24
infmet-0938,inf-0157,2026-01-31,25761,55,43.78,10.06,0.21
infmet-0939,inf-0157,2026-02-28,28109,58,43.17,8.7,0.18
infmet-0940,inf-0157,2026-03-31,27830,62,39.46,5.66,0.16
infmet-0941,inf-0157,2026-04-30,27336,63,34.61,7.74,0.15
infmet-0942,inf-0157,2026-05-31,28488,64,76.68,14.51,0.32
infmet-0943,inf-0158,2025-12-31,11632,466,34.48,13.64,0.41
infmet-0944,inf-0158,2026-01-31,12511,474,32.91,14.1,0.38
infmet-0945,inf-0158,2026-02-28,12582,481,35.52,13.87,0.39
infmet-0946,inf-0158,2026-03-31,12745,485,35.09,14.69,0.39
infmet-0947,inf-0158,2026-04-30,12828,493,35.02,14.17,0.38
infmet-0948,inf-0158,2026-05-31,12465,498,30.15,17.67,0.38
infmet-0949,inf-0159,2025-12-31,10711,289,651.53,279.23,8.69
infmet-0950,inf-0159,2026-01-31,11174,293,757.06,324.45,9.68
infmet-0951,inf-0159,2026-02-28,12144,296,816.01,349.72,9.6
infmet-0952,inf-0159,2026-03-31,12288,303,942.44,403.9,10.96
infmet-0953,inf-0159,2026-04-30,12487,308,972.94,416.97,11.13
infmet-0954,inf-0159,2026-05-31,12575,315,517.03,432.6,7.55
infmet-0955,inf-0160,2025-12-31,59811,27,469.41,133.02,1.01
infmet-0956,inf-0160,2026-01-31,58575,33,516.4,153.5,1.14
infmet-0957,inf-0160,2026-02-28,62119,39,488.98,144.76,1.02
infmet-0958,inf-0160,2026-03-31,60896,44,535.47,171.47,1.16
infmet-0959,inf-0160,2026-04-30,59409,50,566.37,142.91,1.19
infmet-0960,inf-0160,2026-05-31,61993,59,437.46,111.77,0.89
infmet-0961,inf-0161,2025-12-31,40497,225,90.16,38.64,0.32
infmet-0962,inf-0161,2026-01-31,40733,226,88.87,38.09,0.31
infmet-0963,inf-0161,2026-02-28,39689,228,82.77,35.47,0.3
infmet-0964,inf-0161,2026-03-31,41928,230,93.22,39.95,0.32
infmet-0965,inf-0161,2026-04-30,41244,231,93.87,40.23,0.33
infmet-0966,inf-0161,2026-05-31,41743,233,106.94,59.58,0.4
infmet-0967,inf-0162,2025-12-31,51429,344,158.73,68.03,0.44
infmet-0968,inf-0162,2026-01-31,56568,346,152.15,65.21,0.38
infmet-0969,inf-0162,2026-02-28,56753,346,172.5,73.93,0.43
infmet-0970,inf-0162,2026-03-31,57405,346,197.35,84.58,0.49
infmet-0971,inf-0162,2026-04-30,62716,346,218.59,93.68,0.5
infmet-0972,inf-0162,2026-05-31,61050,351,130.03,123.54,0.42
infmet-0973,inf-0163,2025-12-31,48914,0,289.08,123.89,0.84
infmet-0974,inf-0163,2026-01-31,52542,1,351.9,150.81,0.96
infmet-0975,inf-0163,2026-02-28,55799,1,348.48,149.35,0.89
infmet-0976,inf-0163,2026-03-31,57273,2,306.85,131.51,0.77
infmet-0977,inf-0163,2026-04-30,55648,3,275.13,117.91,0.71
infmet-0978,inf-0163,2026-05-31,56230,3,300.22,248.57,0.98
infmet-0979,inf-0164,2025-12-31,30017,233,203.89,80.17,0.95
infmet-0980,inf-0164,2026-01-31,31079,238,187.5,65.4,0.81
infmet-0981,inf-0164,2026-02-28,30565,244,155.53,64.55,0.72
infmet-0982,inf-0164,2026-03-31,30274,248,135.28,52.53,0.62
infmet-0983,inf-0164,2026-04-30,32600,253,134.31,57.56,0.59
infmet-0984,inf-0164,2026-05-31,33064,256,237.77,93.85,1.0
infmet-0985,inf-0165,2025-12-31,48230,325,924.93,396.4,2.74
infmet-0986,inf-0165,2026-01-31,48756,331,861.31,288.62,2.36
infmet-0987,inf-0165,2026-02-28,51074,336,933.07,399.89,2.61
infmet-0988,inf-0165,2026-03-31,53427,339,877.43,376.04,2.35
infmet-0989,inf-0165,2026-04-30,54229,344,892.53,382.51,2.35
infmet-0990,inf-0165,2026-05-31,54844,350,810.92,447.24,2.29
infmet-0991,inf-0166,2025-12-31,26823,294,379.89,162.81,2.02
infmet-0992,inf-0166,2026-01-31,28408,297,477.31,131.71,2.14
infmet-0993,inf-0166,2026-02-28,28304,302,538.93,154.17,2.45
infmet-0994,inf-0166,2026-03-31,29504,304,434.18,186.08,2.1
infmet-0995,inf-0166,2026-04-30,32157,305,507.36,217.44,2.25
infmet-0996,inf-0166,2026-05-31,34814,308,610.64,249.83,2.47
infmet-0997,inf-0167,2025-12-31,22598,90,3.48,0.21,0.02
infmet-0998,inf-0167,2026-01-31,24307,92,22.81,1.5,0.1
infmet-0999,inf-0167,2026-02-28,26352,96,25.33,1.02,0.1
infmet-1000,inf-0167,2026-03-31,28669,98,26.84,1.83,0.1
infmet-1001,inf-0167,2026-04-30,29760,103,27.85,1.91,0.1
infmet-1002,inf-0167,2026-05-31,32095,107,4.86,0.27,0.02
infmet-1003,inf-0168,2025-12-31,41223,299,418.79,90.13,1.23
infmet-1004,inf-0168,2026-01-31,40449,305,471.11,100.86,1.41
infmet-1005,inf-0168,2026-02-28,42015,311,472.84,76.34,1.31
infmet-1006,inf-0168,2026-03-31,41597,315,375.47,99.07,1.14
infmet-1007,inf-0168,2026-04-30,42526,317,410.43,83.73,1.16
infmet-1008,inf-0168,2026-05-31,44893,319,430.8,105.94,1.2
infmet-1009,inf-0169,2025-12-31,83788,41,779.12,333.91,1.33
infmet-1010,inf-0169,2026-01-31,88671,45,709.52,304.08,1.14
infmet-1011,inf-0169,2026-02-28,89892,52,825.22,353.66,1.31
infmet-1012,inf-0169,2026-03-31,97467,58,970.53,415.94,1.42
infmet-1013,inf-0169,2026-04-30,99160,62,1117.0,478.71,1.61
infmet-1014,inf-0169,2026-05-31,96706,66,910.96,796.77,1.77
infmet-1015,inf-0170,2025-12-31,42063,233,476.25,188.47,1.58
infmet-1016,inf-0170,2026-01-31,42448,237,465.5,187.09,1.54
infmet-1017,inf-0170,2026-02-28,44594,247,531.76,164.66,1.56
infmet-1018,inf-0170,2026-03-31,47853,251,571.25,160.89,1.53
infmet-1019,inf-0170,2026-04-30,51091,255,638.84,219.46,1.68
infmet-1020,inf-0170,2026-05-31,51472,260,612.52,180.55,1.54
infmet-1021,inf-0171,2025-12-31,57650,459,719.52,308.36,1.78
infmet-1022,inf-0171,2026-01-31,61512,464,682.3,292.42,1.58
infmet-1023,inf-0171,2026-02-28,65075,470,790.33,338.71,1.73
infmet-1024,inf-0171,2026-03-31,69465,471,898.58,385.11,1.85
infmet-1025,inf-0171,2026-04-30,73702,481,1027.27,440.26,1.99
infmet-1026,inf-0171,2026-05-31,76885,487,666.66,630.93,1.69
infmet-1027,inf-0172,2025-12-31,40962,214,201.95,86.55,0.7
infmet-1028,inf-0172,2026-01-31,43361,215,240.64,103.13,0.79
infmet-1029,inf-0172,2026-02-28,46626,220,278.59,119.39,0.85
infmet-1030,inf-0172,2026-03-31,48237,222,297.67,127.57,0.88
infmet-1031,inf-0172,2026-04-30,50346,225,280.13,120.06,0.79
infmet-1032,inf-0172,2026-05-31,53536,225,156.84,148.57,0.57
infmet-1033,inf-0173,2025-12-31,10853,246,260.5,111.64,3.43
infmet-1034,inf-0173,2026-01-31,11709,249,305.95,131.12,3.73
infmet-1035,inf-0173,2026-02-28,11591,252,278.18,119.22,3.43
infmet-1036,inf-0173,2026-03-31,11407,261,281.33,120.57,3.52
infmet-1037,inf-0173,2026-04-30,11706,268,258.78,110.9,3.16
infmet-1038,inf-0173,2026-05-31,12125,280,195.73,181.46,3.11
infmet-1039,inf-0174,2025-12-31,63090,386,213.73,91.6,0.48
infmet-1040,inf-0174,2026-01-31,68185,392,251.72,107.88,0.53
infmet-1041,inf-0174,2026-02-28,67154,395,247.79,106.19,0.53
infmet-1042,inf-0174,2026-03-31,73849,398,307.3,131.7,0.59
infmet-1043,inf-0174,2026-04-30,76242,402,354.33,115.59,0.62
infmet-1044,inf-0174,2026-05-31,78623,405,295.69,128.8,0.54
infmet-1045,inf-0175,2025-12-31,74961,403,267.35,114.58,0.51
infmet-1046,inf-0175,2026-01-31,75702,404,295.92,126.82,0.56
infmet-1047,inf-0175,2026-02-28,81670,406,312.18,110.59,0.52
infmet-1048,inf-0175,2026-03-31,84347,408,328.13,140.63,0.56
infmet-1049,inf-0175,2026-04-30,91255,410,309.6,132.69,0.48
infmet-1050,inf-0175,2026-05-31,98153,413,384.31,147.96,0.54
infmet-1051,inf-0176,2025-12-31,56053,157,739.91,317.1,1.89
infmet-1052,inf-0176,2026-01-31,60229,161,883.16,378.5,2.09
infmet-1053,inf-0176,2026-02-28,60713,169,992.5,425.36,2.34
infmet-1054,inf-0176,2026-03-31,65043,172,1207.24,517.39,2.65
infmet-1055,inf-0176,2026-04-30,67186,175,1223.94,524.54,2.6
infmet-1056,inf-0176,2026-05-31,68581,184,601.49,432.91,1.51
infmet-1057,inf-0177,2025-12-31,72776,464,705.02,102.77,1.11
infmet-1058,inf-0177,2026-01-31,76799,468,656.36,109.08,1.0
infmet-1059,inf-0177,2026-02-28,76749,473,596.1,127.66,0.94
infmet-1060,inf-0177,2026-03-31,76432,476,688.41,132.75,1.07
infmet-1061,inf-0177,2026-04-30,76588,479,723.12,129.79,1.11
infmet-1062,inf-0177,2026-05-31,75716,480,766.61,131.93,1.19
infmet-1063,inf-0178,2025-12-31,6341,114,43.29,18.55,0.98
infmet-1064,inf-0178,2026-01-31,6946,117,43.39,18.6,0.89
infmet-1065,inf-0178,2026-02-28,6834,119,46.59,19.97,0.97
infmet-1066,inf-0178,2026-03-31,6798,122,46.82,20.07,0.98
infmet-1067,inf-0178,2026-04-30,7162,123,46.02,19.72,0.92
infmet-1068,inf-0178,2026-05-31,7573,128,32.32,31.07,0.84
infmet-1069,inf-0179,2025-12-31,38465,252,15.49,6.64,0.06
infmet-1070,inf-0179,2026-01-31,38362,256,26.85,11.51,0.1
infmet-1071,inf-0179,2026-02-28,38694,262,27.09,11.61,0.1
infmet-1072,inf-0179,2026-03-31,41855,266,29.3,12.56,0.1
infmet-1073,inf-0179,2026-04-30,41944,273,32.96,14.12,0.11
infmet-1074,inf-0179,2026-05-31,42809,284,16.57,10.87,0.06
infmet-1075,inf-0180,2025-12-31,50676,121,866.19,110.09,1.93
infmet-1076,inf-0180,2026-01-31,51107,123,811.43,107.63,1.8
infmet-1077,inf-0180,2026-02-28,53632,127,755.31,79.92,1.56
infmet-1078,inf-0180,2026-03-31,54533,131,828.59,81.26,1.67
infmet-1079,inf-0180,2026-04-30,56979,133,764.93,91.91,1.5
infmet-1080,inf-0180,2026-05-31,58084,135,950.67,127.22,1.86
infmet-1081,inf-0181,2025-12-31,17509,268,328.91,140.96,2.68
infmet-1082,inf-0181,2026-01-31,17194,275,316.21,135.52,2.63
infmet-1083,inf-0181,2026-02-28,18020,280,369.52,158.36,2.93
infmet-1084,inf-0181,2026-03-31,17571,284,332.64,142.56,2.7
infmet-1085,inf-0181,2026-04-30,17915,287,346.69,148.58,2.76
infmet-1086,inf-0181,2026-05-31,18810,296,352.57,309.89,3.52
infmet-1087,inf-0182,2025-12-31,34620,168,46.98,16.24,0.18
infmet-1088,inf-0182,2026-01-31,36977,174,46.91,20.11,0.18
infmet-1089,inf-0182,2026-02-28,40637,179,53.7,23.01,0.19
infmet-1090,inf-0182,2026-03-31,43424,183,57.63,24.7,0.19
infmet-1091,inf-0182,2026-04-30,47019,187,76.12,22.42,0.21
infmet-1092,inf-0182,2026-05-31,50096,189,55.21,20.2,0.15
infmet-1093,inf-0183,2025-12-31,62238,0,287.06,2.9,0.47
infmet-1094,inf-0183,2026-01-31,65057,5,274.07,2.77,0.43
infmet-1095,inf-0183,2026-02-28,67956,6,259.57,2.62,0.39
infmet-1096,inf-0183,2026-03-31,73929,8,312.58,3.16,0.43
infmet-1097,inf-0183,2026-04-30,80709,10,342.35,3.46,0.43
infmet-1098,inf-0183,2026-05-31,86229,10,408.23,2.52,0.48
infmet-1099,inf-0184,2025-12-31,36162,102,191.56,55.31,0.68
infmet-1100,inf-0184,2026-01-31,37261,103,204.14,87.49,0.78
infmet-1101,inf-0184,2026-02-28,39782,104,206.63,88.56,0.74
infmet-1102,inf-0184,2026-03-31,40920,106,192.95,73.19,0.65
infmet-1103,inf-0184,2026-04-30,42414,111,178.54,76.52,0.6
infmet-1104,inf-0184,2026-05-31,41609,112,236.72,103.79,0.82
infmet-1105,inf-0185,2025-12-31,31772,148,356.17,16.48,1.17
infmet-1106,inf-0185,2026-01-31,34092,152,420.41,19.77,1.29
infmet-1107,inf-0185,2026-02-28,36694,153,520.68,14.63,1.46
infmet-1108,inf-0185,2026-03-31,38840,157,503.43,16.64,1.34
infmet-1109,inf-0185,2026-04-30,42528,162,551.11,22.59,1.35
infmet-1110,inf-0185,2026-05-31,46448,163,661.3,24.12,1.48
infmet-1111,inf-0186,2025-12-31,2882,61,833.94,357.4,41.34
infmet-1112,inf-0186,2026-01-31,3040,65,425.6,182.4,20.0
infmet-1113,inf-0186,2026-02-28,3171,70,418.95,179.55,18.87
infmet-1114,inf-0186,2026-03-31,3139,73,374.69,160.58,17.05
infmet-1115,inf-0186,2026-04-30,3054,76,312.06,133.74,14.6
infmet-1116,inf-0186,2026-05-31,3091,80,909.41,776.81,54.55
infmet-1117,inf-0187,2025-12-31,42128,167,1101.2,471.94,3.73
infmet-1118,inf-0187,2026-01-31,43001,172,1136.95,487.27,3.78
infmet-1119,inf-0187,2026-02-28,44120,180,1002.44,429.62,3.25
infmet-1120,inf-0187,2026-03-31,43150,189,1045.97,448.27,3.46
infmet-1121,inf-0187,2026-04-30,45020,196,1106.02,474.01,3.51
infmet-1122,inf-0187,2026-05-31,44474,201,785.39,773.54,3.51
infmet-1123,inf-0188,2025-12-31,23953,125,76.46,26.19,0.43
infmet-1124,inf-0188,2026-01-31,25369,126,85.1,28.59,0.45
infmet-1125,inf-0188,2026-02-28,26059,131,97.85,22.72,0.46
infmet-1126,inf-0188,2026-03-31,26261,134,111.32,26.93,0.53
infmet-1127,inf-0188,2026-04-30,27078,139,112.37,30.54,0.53
infmet-1128,inf-0188,2026-05-31,27722,142,87.01,25.1,0.4
infmet-1129,inf-0189,2025-12-31,223,442,33.07,14.17,21.18
infmet-1130,inf-0189,2026-01-31,240,444,33.6,14.4,20.0
infmet-1131,inf-0189,2026-02-28,240,444,33.6,14.4,20.0
infmet-1132,inf-0189,2026-03-31,252,446,33.42,14.32,18.94
infmet-1133,inf-0189,2026-04-30,257,446,34.73,14.89,19.31
infmet-1134,inf-0189,2026-05-31,262,451,29.24,21.78,19.47
infmet-1135,inf-0190,2025-12-31,11275,169,839.2,332.22,10.39
infmet-1136,inf-0190,2026-01-31,12333,170,893.75,373.61,10.28
infmet-1137,inf-0190,2026-02-28,11966,174,1123.79,280.87,11.74
infmet-1138,inf-0190,2026-03-31,12248,179,1010.88,228.18,10.12
infmet-1139,inf-0190,2026-04-30,13471,185,1159.78,402.06,11.59
infmet-1140,inf-0190,2026-05-31,13277,187,954.65,292.37,9.39
infmet-1141,inf-0191,2025-12-31,6978,201,780.29,255.37,14.84
infmet-1142,inf-0191,2026-01-31,7132,205,727.46,291.17,14.28
infmet-1143,inf-0191,2026-02-28,7206,209,820.17,261.05,15.0
infmet-1144,inf-0191,2026-03-31,7571,219,949.17,293.45,16.41
infmet-1145,inf-0191,2026-04-30,8254,226,1068.24,441.42,18.29
infmet-1146,inf-0191,2026-05-31,8568,232,952.42,300.46,14.62
infmet-1147,inf-0192,2025-12-31,14366,126,112.08,48.04,1.11
infmet-1148,inf-0192,2026-01-31,15168,127,107.95,46.26,1.02
infmet-1149,inf-0192,2026-02-28,15787,128,114.38,49.02,1.04
infmet-1150,inf-0192,2026-03-31,16378,132,119.96,51.41,1.05
infmet-1151,inf-0192,2026-04-30,16536,133,133.06,57.03,1.15
infmet-1152,inf-0192,2026-05-31,16891,135,87.17,69.07,0.92
infmet-1153,inf-0193,2025-12-31,76298,98,26.57,5.43,0.04
infmet-1154,inf-0193,2026-01-31,78946,101,64.36,14.58,0.1
infmet-1155,inf-0193,2026-02-28,83239,105,62.71,20.53,0.1
infmet-1156,inf-0193,2026-03-31,84450,110,63.76,20.69,0.1
infmet-1157,inf-0193,2026-04-30,84810,119,73.77,20.6,0.11
infmet-1158,inf-0193,2026-05-31,87746,126,33.2,7.96,0.05
infmet-1159,inf-0194,2025-12-31,41209,117,710.45,304.48,2.46
infmet-1160,inf-0194,2026-01-31,42094,118,636.53,272.8,2.16
infmet-1161,inf-0194,2026-02-28,41411,118,625.82,268.21,2.16
infmet-1162,inf-0194,2026-03-31,45266,121,613.92,263.11,1.94
infmet-1163,inf-0194,2026-04-30,49728,122,660.7,283.16,1.9
infmet-1164,inf-0194,2026-05-31,52072,124,843.76,544.23,2.67
infmet-1165,inf-0195,2025-12-31,6798,167,647.12,264.34,13.41
infmet-1166,inf-0195,2026-01-31,7170,170,691.45,189.17,12.28
infmet-1167,inf-0195,2026-02-28,7415,173,749.66,151.97,12.16
infmet-1168,inf-0195,2026-03-31,7327,175,816.21,205.8,13.95
infmet-1169,inf-0195,2026-04-30,7159,179,929.54,217.71,16.03
infmet-1170,inf-0195,2026-05-31,7133,183,942.88,274.07,17.06
infmet-1171,inf-0196,2025-12-31,83115,206,778.17,278.66,1.27
infmet-1172,inf-0196,2026-01-31,88359,207,845.01,276.92,1.27
infmet-1173,inf-0196,2026-02-28,87780,210,698.86,299.51,1.14
infmet-1174,inf-0196,2026-03-31,89023,210,706.86,202.84,1.02
infmet-1175,inf-0196,2026-04-30,91597,212,677.27,290.26,1.06
infmet-1176,inf-0196,2026-05-31,89983,213,938.78,416.3,1.51
infmet-1177,inf-0197,2025-12-31,70226,373,892.32,135.32,1.46
infmet-1178,inf-0197,2026-01-31,70143,379,908.25,168.35,1.53
infmet-1179,inf-0197,2026-02-28,74616,389,969.66,168.73,1.53
infmet-1180,inf-0197,2026-03-31,73229,397,1113.08,139.95,1.71
infmet-1181,inf-0197,2026-04-30,75342,405,1118.86,174.53,1.72
infmet-1182,inf-0197,2026-05-31,75536,407,876.46,147.71,1.36
infmet-1183,inf-0198,2025-12-31,70505,156,26.55,4.15,0.04
infmet-1184,inf-0198,2026-01-31,75296,157,65.79,9.5,0.1
infmet-1185,inf-0198,2026-02-28,77367,161,68.16,9.2,0.1
infmet-1186,inf-0198,2026-03-31,83309,163,75.71,13.04,0.11
infmet-1187,inf-0198,2026-04-30,84913,164,87.41,15.24,0.12
infmet-1188,inf-0198,2026-05-31,91714,166,39.17,5.48,0.05
infmet-1189,inf-0199,2025-12-31,64819,337,298.81,128.06,0.66
infmet-1190,inf-0199,2026-01-31,68804,343,356.21,152.66,0.74
infmet-1191,inf-0199,2026-02-28,75388,346,353.06,151.15,0.67
infmet-1192,inf-0199,2026-03-31,80968,354,366.88,157.23,0.65
infmet-1193,inf-0199,2026-04-30,82698,358,391.26,167.68,0.68
infmet-1194,inf-0199,2026-05-31,90467,364,316.68,227.29,0.6
infmet-1195,inf-0200,2025-12-31,3910,0,789.68,307.93,28.07
infmet-1196,inf-0200,2026-01-31,4163,0,674.77,157.83,20.0
infmet-1197,inf-0200,2026-02-28,4187,1,609.65,146.89,18.07
infmet-1198,inf-0200,2026-03-31,4262,3,536.41,141.49,15.91
infmet-1199,inf-0200,2026-04-30,4384,4,567.35,185.35,17.17
infmet-1200,inf-0200,2026-05-31,4342,4,882.52,268.82,26.52
