campaign_influencer_id,influencer_id,campaign_id,applied_at,selected_at,participation_status,reward_amount
caminf-0001,Inf-0059,cam-0001,2026-05-19 12:17,2026-05-23 10:00,콘텐츠 등록 완료,20000
caminf-0002,Inf-0041,cam-0001,2026-05-17 14:42,,지원,0
caminf-0003,Inf-0035,cam-0001,2026-05-19 3:29,2026-05-23 10:00,콘텐츠 등록 완료,20000
caminf-0004,Inf-0103,cam-0001,2026-05-18 21:29,2026-05-23 10:00,콘텐츠 등록 완료,20000
caminf-0005,Inf-0185,cam-0001,2026-05-18 13:19,2026-05-23 10:00,선정,0
caminf-0006,Inf-0199,cam-0001,2026-05-20 10:30,,지원,0
caminf-0007,Inf-0096,cam-0001,2026-05-21 7:11,,지원,0
caminf-0008,Inf-0005,cam-0001,2026-05-21 19:12,2026-05-23 10:00,선정,0
caminf-0009,Inf-0030,cam-0001,2026-05-19 9:53,2026-05-23 10:00,선정,0
caminf-0010,Inf-0169,cam-0001,2026-05-22 1:03,,지원,0
caminf-0011,Inf-0172,cam-0001,2026-05-20 23:05,,지원,0
caminf-0012,Inf-0019,cam-0001,2026-05-22 4:56,,지원,0
caminf-0013,Inf-0012,cam-0001,2026-05-18 5:32,,지원,0
caminf-0014,Inf-0090,cam-0001,2026-05-20 10:17,2026-05-23 10:00,콘텐츠 등록 완료,20000
caminf-0015,Inf-0111,cam-0001,2026-05-20 20:51,2026-05-23 10:00,콘텐츠 등록 완료,20000
caminf-0016,Inf-0119,cam-0001,2026-05-18 3:31,,지원,0
caminf-0017,Inf-0160,cam-0001,2026-05-17 22:15,,지원,0
caminf-0018,Inf-0036,cam-0001,2026-05-16 10:45,2026-05-23 10:00,콘텐츠 등록 완료,20000
caminf-0019,Inf-0137,cam-0001,2026-05-17 20:24,,지원,0
caminf-0020,Inf-0060,cam-0001,2026-05-21 15:39,,지원,0
caminf-0021,Inf-0052,cam-0001,2026-05-17 4:15,2026-05-23 10:00,선정,0
caminf-0022,Inf-0017,cam-0001,2026-05-17 22:06,2026-05-23 10:00,콘텐츠 등록 완료,20000
caminf-0023,Inf-0045,cam-0001,2026-05-17 9:30,,지원,0
caminf-0024,Inf-0095,cam-0001,2026-05-21 9:09,2026-05-23 10:00,콘텐츠 등록 완료,20000
caminf-0025,Inf-0032,cam-0001,2026-05-20 19:58,2026-05-23 10:00,콘텐츠 등록 완료,20000
caminf-0026,Inf-0163,cam-0001,2026-05-17 4:43,,지원,0
caminf-0027,Inf-0104,cam-0002,2026-05-19 9:15,2026-05-23 10:00,콘텐츠 등록 완료,20000
caminf-0028,Inf-0049,cam-0002,2026-05-19 15:35,,지원,0
caminf-0029,Inf-0041,cam-0002,2026-05-20 17:30,2026-05-23 10:00,선정,0
caminf-0030,Inf-0149,cam-0002,2026-05-17 15:35,,지원,0
caminf-0031,Inf-0186,cam-0002,2026-05-17 8:14,,지원,0
caminf-0032,Inf-0075,cam-0002,2026-05-19 20:47,,지원,0
caminf-0033,Inf-0163,cam-0002,2026-05-22 0:48,2026-05-23 10:00,콘텐츠 등록 완료,20000
caminf-0034,Inf-0110,cam-0002,2026-05-21 17:52,2026-05-23 10:00,선정,0
caminf-0035,Inf-0102,cam-0002,2026-05-18 17:42,,지원,0
caminf-0036,Inf-0174,cam-0002,2026-05-22 0:04,2026-05-23 10:00,선정,0
caminf-0037,Inf-0140,cam-0002,2026-05-19 16:13,,지원,0
caminf-0038,Inf-0198,cam-0002,2026-05-21 17:42,,지원,0
caminf-0039,Inf-0013,cam-0002,2026-05-18 19:51,,지원,0
caminf-0040,Inf-0069,cam-0002,2026-05-19 4:43,2026-05-23 10:00,콘텐츠 등록 완료,20000
caminf-0041,Inf-0079,cam-0002,2026-05-20 8:44,,지원,0
caminf-0042,Inf-0059,cam-0002,2026-05-20 1:32,2026-05-23 10:00,콘텐츠 등록 완료,20000
caminf-0043,Inf-0010,cam-0002,2026-05-18 9:43,2026-05-23 10:00,콘텐츠 등록 완료,20000
caminf-0044,Inf-0166,cam-0002,2026-05-19 13:30,2026-05-23 10:00,콘텐츠 등록 완료,20000
caminf-0045,Inf-0091,cam-0002,2026-05-21 11:56,,지원,0
caminf-0046,Inf-0096,cam-0002,2026-05-21 19:20,2026-05-23 10:00,선정,0
caminf-0047,Inf-0132,cam-0002,2026-05-18 18:11,,지원,0
caminf-0048,Inf-0064,cam-0002,2026-05-18 16:39,2026-05-23 10:00,콘텐츠 등록 완료,20000
caminf-0049,Inf-0161,cam-0002,2026-05-16 20:17,,지원,0
caminf-0050,Inf-0028,cam-0002,2026-05-18 23:59,2026-05-23 10:00,콘텐츠 등록 완료,20000
caminf-0051,Inf-0060,cam-0002,2026-05-17 13:34,2026-05-23 10:00,선정,0
caminf-0052,Inf-0095,cam-0002,2026-05-21 8:17,,지원,0
caminf-0053,Inf-0144,cam-0003,2026-05-30 20:32,2026-06-05 10:00,선정,0
caminf-0054,Inf-0173,cam-0003,2026-05-31 11:47,2026-06-05 10:00,선정,0
caminf-0055,Inf-0189,cam-0003,2026-05-30 23:52,,지원,0
caminf-0056,Inf-0133,cam-0003,2026-06-03 23:32,2026-06-05 10:00,콘텐츠 등록 완료,20000
caminf-0057,Inf-0101,cam-0003,2026-06-01 21:47,2026-06-05 10:00,콘텐츠 등록 완료,20000
caminf-0058,Inf-0002,cam-0003,2026-05-31 7:37,2026-06-05 10:00,콘텐츠 등록 완료,20000
caminf-0059,Inf-0116,cam-0003,2026-05-29 13:53,2026-06-05 10:00,콘텐츠 등록 완료,20000
caminf-0060,Inf-0186,cam-0003,2026-05-30 3:10,,지원,0
caminf-0061,Inf-0067,cam-0003,2026-05-30 21:55,2026-06-05 10:00,콘텐츠 등록 완료,20000
caminf-0062,Inf-0176,cam-0003,2026-05-29 13:31,,지원,0
caminf-0063,Inf-0121,cam-0003,2026-06-01 21:33,2026-06-05 10:00,콘텐츠 등록 완료,20000
caminf-0064,Inf-0150,cam-0003,2026-05-30 23:23,,지원,0
caminf-0065,Inf-0110,cam-0003,2026-06-01 18:16,,지원,0
caminf-0066,Inf-0051,cam-0003,2026-06-02 4:44,2026-06-05 10:00,콘텐츠 등록 완료,20000
caminf-0067,Inf-0075,cam-0003,2026-05-30 15:01,2026-06-05 10:00,선정,0
caminf-0068,Inf-0164,cam-0003,2026-05-31 12:55,,지원,0
caminf-0069,Inf-0054,cam-0003,2026-06-01 17:06,,지원,0
caminf-0070,Inf-0191,cam-0003,2026-06-01 13:08,2026-06-05 10:00,콘텐츠 등록 완료,20000
caminf-0071,Inf-0180,cam-0003,2026-05-29 18:28,,지원,0
caminf-0072,Inf-0169,cam-0003,2026-06-03 21:03,,지원,0
caminf-0073,Inf-0126,cam-0003,2026-06-02 18:21,2026-06-05 10:00,선정,0
caminf-0074,Inf-0107,cam-0003,2026-06-02 1:20,,지원,0
caminf-0075,Inf-0071,cam-0003,2026-06-02 11:34,2026-06-05 10:00,콘텐츠 등록 완료,20000
caminf-0076,Inf-0146,cam-0003,2026-06-02 22:13,,지원,0
caminf-0077,Inf-0132,cam-0003,2026-06-01 20:36,,지원,0
caminf-0078,Inf-0137,cam-0003,2026-05-30 7:29,2026-06-05 10:00,콘텐츠 등록 완료,20000
caminf-0079,Inf-0081,cam-0003,2026-06-03 21:19,2026-06-05 10:00,선정,0
